Urban,YearBuilt,TrafficLanes,ADT,YEAR_ADT,ApproachWidth_M,StructureLength_M,RoadwayWidth_M,DECK_WIDTH_M,YEAR_RECON,AADTPERCENT,DeckArea_SQM,Latitude,Longitude,PPTIN,TMAXC,TMINC,SeismicHazard,BridgeCond
0,2000,2,40,2013,9.8,9.1,17.1,18,0,7,159.25,31.0517,-105.35481,10.0352,25.2971,8.04388,0.15125,S
0,1965,4,14170,2013,24.4,11.9,0,0,0,37,290.36,31.07368,-105.11406,10.3585,24.961,7.48551,0.13849,S
0,1933,2,4600,2014,11,6.1,0,0,0,15,67.1,33.55232,-94.10341,89.3456,23.9654,11.0506,0.08508,S
0,1987,2,1400,2014,12.2,9.1,0,0,0,1,111.02,33.50561,-94.05023,91.8971,23.8515,11.1511,0.08493,S
0,1940,2,2200,2016,7.9,7,9.1,10,0,25,69.3,33.4646,-94.47591,78.6959,23.6798,11.2316,0.07805,S
0,1946,2,100,2016,6.1,15.2,6.1,7,0,15,103.36,33.47227,-94.49451,79.1565,23.6718,11.2194,0.07801,S
0,1955,2,930,2016,7.9,7,0,0,0,16,55.3,33.46498,-94.34229,80.046,23.7394,11.3623,0.07961,S
0,1956,2,810,2016,7.9,19.5,0,0,0,16,154.05,33.44094,-94.3029,82.4595,23.7481,11.4621,0.0796,S
0,1957,2,100,2016,6.7,6.4,11,12,0,15,74.24,33.55299,-96.15037,66.7545,23.479,11.282,0.08258,S
0,1961,2,100,2016,9.1,10.4,9.8,10,0,15,108.16,33.44223,-94.38319,78.9722,23.7596,11.2399,0.07863,S
0,1956,2,320,2013,7.3,8.2,0,0,1990,20,59.86,33.24402,-95.51306,73.8986,23.7715,11.5178,0.06962,U
0,2014,2,70,2010,7.3,8.2,7.5,8,0,0,64.78,33.26218,-95.35178,73.6536,24.0032,11.314,0.07,S
0,1938,2,2480,2013,9.1,7,0,0,0,28,63.7,33.33209,-96.10344,65.842,23.8559,11.4762,0.07354,S
0,1960,2,470,2013,6.7,6.7,9.1,13,0,10,84.42,33.3354,-96.04564,66.1187,23.8642,11.3997,0.0735,U
0,1963,2,390,2013,6.1,6.4,0,0,0,10,39.04,33.34465,-96.21279,65.5215,23.5925,11.6884,0.07435,S
1,1960,2,500,2010,6.4,6.4,9.1,13,0,0,83.2,33.37001,-96.11172,65.9282,23.6874,11.5512,0.07495,U
1,1971,8,23500,2013,39.6,7.3,0,0,0,2,289.08,33.4016,-96.38107,65.6318,23.5243,11.7623,0.07674,S
1,1975,10,15330,2013,43.9,9.4,0,0,0,2,412.66,33.4015,-96.36541,66.1588,23.4998,11.7575,0.07675,U
0,1976,4,13150,2013,20.7,7,0,0,0,2,144.9,33.3937,-96.34023,66.7071,23.5312,11.7607,0.07643,S
0,1966,2,5030,2013,13.4,7.6,13.9,19,0,16,144.4,33.36157,-96.54301,59.6828,23.6704,11.8899,0.07492,S
0,1991,2,360,2013,7.9,6.7,10.3,11,0,10,73.7,33.31461,-96.25142,65.078,23.753,11.8026,0.07322,S
1,1963,2,11810,2013,13.4,9.1,0,0,0,15,121.94,33.39444,-96.38331,65.5294,23.5754,11.7722,0.07644,U
0,1999,2,200,2010,4.9,6.1,0,0,0,0,29.89,33.2942,-96.39287,62.3988,23.9687,11.7524,0.07233,U
1,1932,2,2500,2011,7.3,6.7,7.3,8,0,0,54.94,33.08264,-95.36474,75.2833,23.8807,11.871,0.06645,U
0,1954,2,3520,2013,13.4,7.9,14.1,15,2009,28,116.13,33.01471,-95.24561,77.0919,24.1283,11.6565,0.0657,U
0,1950,2,430,2013,6.7,7.9,0,0,0,17,52.93,33.14537,-95.45581,74.433,24.0312,11.479,0.06751,U
0,1963,2,200,2010,6.1,6.7,9.8,10,0,3,68.34,33.09587,-95.21178,75.3994,24.0392,11.6439,0.06715,U
0,1957,6,42740,2013,31.1,9.4,0,0,0,11,292.34,32.59181,-96.15267,73.3679,24.3792,12.1473,0.0549,U
0,1957,6,42740,2013,31.1,6.7,0,0,0,11,208.37,32.59297,-96.15081,73.4069,24.379,12.1456,0.05493,U
0,1957,6,41650,2013,31.1,7,0,0,0,13,217.7,33.02497,-96.10348,66.5175,24.0813,11.7958,0.06436,U
0,1975,2,4230,2013,14.6,6.7,0,0,0,18,97.82,33.1245,-95.5909,74.3568,23.9006,11.7165,0.06702,U
0,1960,2,260,2013,7.3,7.9,0,0,0,5,57.67,33.18397,-96.02364,65.5584,23.9137,11.5412,0.06879,U
0,1993,2,470,2013,9.1,16.5,0,0,0,5,150.15,33.18143,-96.16405,64.4601,23.9435,11.4664,0.06862,U
0,1967,2,290,2013,7.3,10.7,7.3,10,0,8,105.93,33.15032,-96.05116,65.4926,23.9563,11.6365,0.0678,U
0,1962,2,390,2013,7.9,6.4,0,0,0,10,50.56,33.32526,-95.46071,73.8651,23.84,11.3155,0.07142,S
0,1955,2,160,2013,7.3,9.8,9.8,10,0,9,99.96,33.28164,-95.30395,73.3542,24.0218,11.2796,0.07042,S
0,1990,1,80,2010,4.3,10.1,5.8,6,0,0,61.61,33.3503,-95.31178,73.6492,23.9358,11.196,0.07188,U
0,1979,2,1720,2010,7.3,11.9,13.3,14,0,0,163.03,33.40436,-95.34237,74.007,23.8771,11.117,0.07311,U
0,1975,2,240,2010,8.2,8.2,8.2,15,0,0,123,33.39109,-95.31108,73.8651,23.9305,11.0699,0.07278,S
0,1949,2,300,2013,6.7,7.9,8.5,11,1966,8,88.48,33.47125,-95.17101,75.5797,23.6654,10.9655,0.07468,S
0,1949,2,530,2013,7,11.9,7.6,10,1966,9,117.81,33.41113,-95.16318,75.196,23.9166,10.9129,0.07331,U
0,1970,2,10,2013,9.8,7,13.7,14,0,31,99.4,32.3013,-98.2824,39.3201,24.3015,11.279,0.03754,S
0,1954,2,1970,2013,13.4,8.2,0,0,1997,14,109.88,32.19219,-98.16143,37.8835,24.5373,11.403,0.0367,S
0,1959,2,940,2013,8.5,6.7,0,0,0,9,56.95,32.33051,-97.5653,48.3806,24.7408,12.0315,0.04173,S
0,1934,2,1930,2013,12.8,46,11.6,13,1958,17,616.4,33.24535,-98.22109,36.0885,24.4804,11.1296,0.05962,U
0,1948,2,460,2013,12.5,13.4,0,0,2002,23,167.5,33.27452,-98.11493,36.425,24.3586,11.0435,0.06177,S
0,1921,4,20590,2013,25.6,13.7,0,0,2003,16,350.72,32.24106,-97.16435,57.05,24.932,12.439,0.04287,U
0,1921,4,20590,2013,25.6,8.8,0,0,2003,16,225.28,32.24257,-97.1556,56.9674,24.9272,12.4527,0.04295,S
0,1994,5,16140,2016,27.4,15.2,0,0,2012,12,416.48,32.2246,-97.24355,57.7255,24.9444,12.3734,0.04215,S
1,1954,2,8440,2013,12.2,13.4,12.8,14,0,10,192.96,32.1859,-97.23039,57.6167,24.9186,12.3934,0.04175,U
1,2004,5,12320,2010,20.1,15.9,20.1,27,0,2,426.12,32.21389,-97.24541,57.5755,24.9397,12.3623,0.042,S
0,2003,2,540,2016,6.1,13.4,6.9,8,0,0,101.84,32.27016,-97.11157,55.5379,24.8935,12.5163,0.04359,U
1,1996,4,50,2016,14.6,11.6,14.6,24,0,0,283.04,32.32364,-97.21004,55.7052,24.894,12.4931,0.04366,U
0,1971,2,260,2013,9.4,9.1,0,0,0,31,85.54,32.36493,-98.06077,39.4285,24.9926,11.483,0.03961,S
0,1954,2,1080,2013,13.4,10.4,15.2,21,2007,14,221.52,32.564,-98.2419,36.7518,25.2011,11.64,0.04179,S
0,2010,2,1400,2010,9.8,7.9,9.8,19,0,14,151.68,32.44468,-98.07285,38.1897,24.7521,11.4457,0.04078,S
1,1950,2,3890,2010,7.6,20.4,14.7,17,0,0,350.88,32.47209,-98.06436,37.6508,24.8321,11.4739,0.04125,S
1,2000,2,7270,2013,12.5,15.9,0,0,0,15,198.75,32.4427,-97.36002,52.3954,24.8463,12.2161,0.04454,S
1,1976,6,116380,2013,35.4,7.9,0,0,0,10,279.66,32.34458,-97.19108,53.6114,24.8606,12.5364,0.04407,U
1,2016,12,140000,2015,21.3,6.7,0,0,0,11,142.71,32.50436,-97.1848,49.9626,24.7798,12.5514,0.04658,S
1,2013,9,134670,2010,63.7,7.3,0,0,0,6,465.01,32.55467,-97.02318,52.264,24.7988,12.6795,0.04843,S
1,2012,6,30150,2013,23.8,11,0,0,0,7,261.8,32.55295,-97.06336,50.5344,24.9128,12.8381,0.04816,S
1,2013,19,160780,2010,121,21,0,0,0,5,2541,32.5025,-97.09066,48.4452,24.8829,12.8238,0.0471,S
1,2014,4,5000,2014,24.4,10.1,0,0,0,1,246.44,32.35261,-97.25145,56.5957,24.9143,12.4487,0.04381,S
1,1939,2,3280,2015,9.8,7.3,13.3,14,1980,26,102.2,32.5901,-97.26468,50.2118,24.7376,12.6771,0.04765,U
1,1962,3,8270,2013,16.5,13.1,0,0,0,10,216.15,32.34003,-97.25449,57.5738,24.9368,12.4132,0.04362,S
1,1975,7,16000,2009,12.2,8.2,0,0,1995,3,100.04,32.42371,-97.09237,46.7221,24.7904,12.6645,0.04585,S
1,1958,7,155740,2009,12.2,11.3,0,0,1976,5,137.86,32.4527,-97.03473,49.286,24.5709,12.4553,0.04666,U
1,1972,3,100100,2013,17.1,7.9,0,0,0,8,135.09,32.40095,-97.14156,48.3138,24.7941,12.5688,0.04518,U
1,2003,2,930,2016,12.2,13.4,12.2,25,0,0,339.02,32.54384,-97.06574,50.2938,24.8947,12.814,0.04798,S
1,2000,4,1940,2009,14.6,9.8,14.6,23,0,0,227.36,32.39177,-97.08599,47.5978,24.8095,12.6756,0.04541,S
1,1985,4,10920,2009,18,13.7,18,23,0,1,309.62,32.4653,-97.06513,48.0622,24.7708,12.6752,0.04666,S
1,1984,4,14270,2009,14.6,12.2,14.6,37,1986,1,446.52,32.39339,-97.07178,47.9523,24.768,12.6312,0.04553,S
1,1980,4,30840,2009,14.6,14.9,14.6,37,0,0,555.77,32.41462,-97.06525,47.387,24.6978,12.5681,0.04589,U
1,1983,2,2950,2009,7.3,9.8,13,22,0,1,214.62,32.39122,-97.06243,48.3886,24.7408,12.5986,0.04556,S
1,1976,2,2640,2009,8.2,7.9,8.2,12,0,0,96.38,32.42195,-97.06535,47.3672,24.7014,12.5768,0.046,S
1,1972,2,980,2009,7.9,8.5,7.9,14,0,0,116.45,32.45583,-97.07065,47.5162,24.7792,12.685,0.04648,S
1,2003,2,50,2009,8.2,9.4,8.2,15,0,0,142.88,32.38078,-97.05582,49.034,24.7479,12.5974,0.04545,S
1,1963,2,3700,2016,11,10.4,11,18,0,0,190.32,32.50333,-97.09577,48.4237,24.878,12.8197,0.04709,S
1,1973,36,20000,2016,155.4,16.5,0,0,0,2,2564.1,32.52015,-97.02208,51.746,24.7063,12.5776,0.04784,U
1,1985,4,2387,2014,14.6,22.6,0,0,0,0,329.96,32.50496,-97.04027,50.6737,24.8127,12.6945,0.04745,U
1,1994,4,3400,2016,9.8,9.4,15.9,40,0,0,375.06,32.5826,-97.19564,49.2605,24.727,12.6106,0.04792,S
1,1987,2,500,2011,6.7,23.2,6.7,22,1995,0,498.8,32.52178,-97.11585,48.5551,24.8316,12.7661,0.0473,U
1,1968,2,1040,2016,8.8,10.1,8.8,11,0,0,114.13,32.49069,-97.14291,48.5505,24.8255,12.6898,0.04658,S
1,2014,2,100,2016,9.1,30.2,9.1,15,0,1,459.04,32.58128,-97.14092,48.9553,24.806,12.7738,0.04821,S
1,1968,5,3520,2015,18.3,18,18.3,21,1985,0,372.6,32.45366,-97.2704,52.2634,24.7495,12.2672,0.04525,U
1,1969,5,13420,2015,18.6,7.6,18.6,25,0,0,190,32.44303,-97.27068,52.5501,24.7712,12.3052,0.04508,U
1,1984,2,1760,2010,15.5,13.4,11.7,16,0,1,207.7,32.57552,-97.09356,49.6889,24.8987,12.8708,0.04838,U
1,1997,2,3880,2009,7,19.2,9.5,10,0,2,193.92,32.34001,-97.03577,52.3192,24.8278,12.4676,0.04504,S
1,1935,2,1430,2009,6.1,7.6,9.9,10,0,0,79.8,32.33197,-97.09598,51.348,24.842,12.6252,0.04452,S
1,1986,2,11460,2010,14.6,15.9,14.6,21,0,0,332.31,32.52288,-97.14342,48.7956,24.7948,12.6852,0.04715,U
1,1976,4,15000,2016,14.6,17.7,14.6,23,2018,0,412.41,32.42305,-97.02388,49.5906,24.4444,12.3529,0.0463,S
1,2005,2,1850,2015,11,8.2,11,14,0,1,113.98,32.34025,-97.21386,55.1423,24.8823,12.4891,0.04387,S
1,2005,2,400,2016,9.1,13.4,0,0,0,1,121.94,32.33512,-97.2222,56.0117,24.8983,12.4633,0.04375,S
1,1988,2,50,2016,9.1,7,0,0,0,60,63.7,32.5241,-97.22117,50.4434,24.7675,12.5266,0.04672,S
1,2013,5,2000,2016,21.6,14,0,0,0,1,302.4,32.56226,-97.16526,48.9667,24.7474,12.6635,0.04773,S
1,1982,7,22837,2014,21.9,14.9,25.6,36,1999,0,534.91,32.41277,-97.24431,52.8484,24.8137,12.412,0.04476,U
1,1978,4,6327,2014,15.9,7.6,15.9,37,0,0,278.16,32.45162,-97.30127,52.3922,24.7688,12.2499,0.04503,U
1,2002,2,50,2016,8.5,6.7,8.5,18,0,0,118.59,32.57351,-97.16478,48.9328,24.7465,12.6767,0.04793,S
1,2004,2,50,2016,12.2,14.9,12.2,18,0,0,272.67,32.55058,-97.22,49.9574,24.7634,12.5672,0.0472,S
1,2002,2,50,2016,8.5,12.8,0,0,0,0,108.8,32.54291,-97.17302,49.155,24.7555,12.6363,0.04734,S
1,1976,2,1320,2016,13.1,7,13.1,19,0,0,134.4,32.4116,-97.22518,52.2019,24.8059,12.4215,0.04485,U
1,2001,2,50,2014,8.5,6.7,0,0,0,0,56.95,32.51242,-97.23387,50.8906,24.7496,12.4617,0.04644,S
1,2000,2,5610,2014,8.8,12.8,8.8,10,0,0,122.88,32.37453,-97.18158,51.221,24.8374,12.55,0.04455,S
1,2006,2,220,2016,7.6,21.6,7.6,18,0,0,395.28,32.36173,-97.19017,52.4868,24.8494,12.5448,0.04432,S
1,1965,2,2177,2014,9.1,13.1,9.1,15,0,3,199.12,32.41294,-97.22579,52.1744,24.8041,12.4172,0.04487,U
1,2004,2,50,2016,8.8,16.5,0,0,0,0,145.2,32.46547,-97.17405,49.5436,24.7971,12.5581,0.046,S
1,2000,2,1500,2016,11,9.4,0,0,0,0,103.4,32.54069,-97.16406,49.0272,24.7529,12.6422,0.04735,S
0,2007,4,18845,2015,23.2,12.8,0,0,0,10,296.96,33.1351,-97.38333,46.0909,24.3903,11.8727,0.06206,U
0,1954,2,4660,2013,7,9.8,7.3,8,0,19,75.46,33.05212,-97.33314,48.0928,24.6524,12.1829,0.05943,U
0,1935,2,3260,2013,12.8,7,0,0,1967,5,89.6,33.22274,-97.49043,44.029,23.9814,11.3889,0.0647,U
0,1959,2,1670,2013,7.9,11.3,7.9,18,2017,10,206.79,33.04205,-97.41316,46.331,24.4974,11.9097,0.05863,S
0,1929,2,840,2013,13.4,6.7,13.2,14,1967,29,92.46,33.34432,-98.33438,34.0348,24.484,10.9706,0.06229,U
0,1929,2,4290,2013,12.8,10.4,13.3,14,1991,13,145.6,33.38203,-98.27146,34.3786,24.3618,10.9518,0.06459,U
0,1947,2,1320,2013,13.4,7,13.4,26,0,14,182.7,33.2416,-98.27106,35.7693,24.5103,10.992,0.05895,S
0,1964,2,740,2013,6.7,7.6,8.5,9,0,43,71.44,33.48273,-98.29067,34.0612,24.307,10.8076,0.06895,U
0,2005,2,20,2010,5.2,9.8,7.2,8,0,0,77.42,33.29463,-98.54366,32.9426,24.7288,10.6259,0.05785,U
0,1929,2,2320,2013,13.4,7.9,14.6,15,1951,20,120.08,33.40101,-99.08409,29.6102,24.7141,10.5261,0.05397,U
0,1950,2,110,2013,6.1,7.9,6.1,8,0,5,66.36,33.28089,-99.05493,29.2366,24.7726,10.5909,0.05092,U
0,1959,2,20,2013,6.1,9.4,6.1,14,0,4,129.72,33.33264,-99.26315,28.4207,24.8356,10.5113,0.04971,S
0,1934,2,3080,2013,13.1,13.4,13.7,14,1965,18,194.3,33.48516,-98.09523,34.7306,24.0332,11.0004,0.07139,U
0,1940,2,1020,2013,14,7,14.1,18,2009,28,127.4,33.29184,-97.59291,42.726,23.7305,11.2276,0.0668,S
0,1947,2,640,2013,7.3,21.3,0,0,0,29,155.49,33.35197,-98.11595,35.9232,24.2946,10.8998,0.06491,U
1,1938,4,7220,2013,18.3,13.1,0,0,1970,15,239.73,33.37239,-97.09356,52.1105,24.3245,11.7821,0.07368,U
0,1986,2,1650,2013,12.2,15.2,0,0,0,23,185.44,33.26345,-97.02445,52.7749,24.422,12.1894,0.06893,S
0,1950,2,840,2013,7.6,10.7,11.6,12,1980,43,132.68,33.38197,-97.18466,45.9422,24.1441,11.6324,0.07367,S
0,2011,2,10,2010,4.9,6.7,0,0,0,0,32.83,33.51449,-97.18558,47.1303,23.7884,11.3626,0.08084,U
0,2001,2,110,2010,5.5,11.6,7.2,8,0,0,91.64,33.3141,-97.11014,50.1871,24.3674,11.9695,0.07077,S
0,2002,2,20,2010,6.1,16.5,7.2,8,0,5,130.35,33.29257,-97.05096,53.4676,24.4897,12.1731,0.07007,S
0,2013,1,120,2010,5.5,7,5.5,6,0,5,38.5,33.3928,-96.58401,59.0541,23.5985,11.8551,0.07624,S
1,1967,11,26970,2013,67.1,6.1,0,0,0,28,409.31,33.53157,-98.28591,34.7293,24.3062,10.8775,0.07146,U
0,1939,2,770,2013,8.5,10.4,8.5,11,0,19,114.4,33.51277,-98.49219,33.9499,24.573,10.7864,0.06749,U
0,1930,2,1670,2013,7.3,6.7,0,0,1966,19,48.91,33.55338,-98.40437,34.8041,24.394,10.7696,0.07091,U
0,1961,2,270,2013,6.1,13.1,8.5,9,0,5,116.59,33.52152,-98.46378,34.1745,24.5253,10.7933,0.06836,U
1,1965,4,3740,2015,13.4,8.8,13.3,20,0,2,172.48,33.51115,-98.33405,34.0229,24.358,10.8818,0.06969,U
0,1951,2,290,2013,6.7,6.4,6.7,9,0,42,58.24,32.59465,-98.41087,35.0722,25.2014,11.6013,0.04135,U
0,1944,2,1720,2013,13.7,10.1,13.7,22,1992,12,221.19,33.12013,-98.3028,35.7934,24.7126,10.7585,0.05444,U
0,1958,2,40,2013,6.1,12.8,6.1,9,0,39,120.32,32.58395,-98.53524,33.9524,24.9161,11.3685,0.04044,S
0,1958,2,310,2013,6.1,13.1,9.8,10,0,5,133.62,33.47377,-101.14229,21.2088,23.8594,8.93549,0.03736,U
0,1933,2,4000,2015,11.6,8.8,11.5,16,1999,29,138.16,32.59273,-101.08332,19.3645,24.7239,10.261,0.03261,U
1,1947,2,950,2013,7.3,6.7,8.8,10,0,14,70.35,33.12159,-101.22519,17.8867,24.2115,9.57446,0.03388,U
0,1960,2,380,2013,8.5,14,9.4,13,0,26,176.4,33.04394,-101.243,17.659,24.341,9.78328,0.03342,U
0,1948,2,540,2013,9.1,10.4,0,0,1994,35,94.64,33.53254,-101.59377,16.6954,23.3907,8.17106,0.03616,U
0,1957,4,8480,2013,23.2,7.6,23.2,35,0,14,269.04,33.47,-102.07575,17.7588,23.2266,7.81845,0.03437,U
1,1973,2,1010,2013,8.5,6.7,17.1,18,0,8,117.25,33.39014,-101.56464,17.5792,23.5823,8.45776,0.03492,S
0,1959,4,6180,2013,23.2,9.8,23.2,37,0,17,362.6,33.03335,-102.24596,16.2693,23.9267,8.28112,0.03332,U
1,1994,4,4580,2013,23.2,14,0,48,0,8,673.4,31.51398,-102.18001,15.6465,25.6403,10.7265,0.04605,S
1,1961,2,990,2015,11.9,10.1,11.9,15,0,0,153.52,31.50136,-102.23591,15.2513,25.7708,10.806,0.04768,U
1,1984,2,2100,2013,13.7,10.7,13.7,18,0,0,195.81,31.49414,-102.21342,15.3565,25.7504,10.7829,0.04711,U
1,1971,5,16100,2017,32.3,9.8,0,46,0,4,451.78,31.57239,-102.08308,16.9811,25.4777,10.6782,0.04334,S
0,1988,4,7000,2017,20.1,8.5,19.4,20,0,16,169.15,31.56053,-102.1339,16.2805,25.5261,10.7207,0.0446,U
0,1930,2,330,2013,13.4,102.4,9,10,1960,26,1034.24,30.09172,-102.37128,12.9373,26.1673,11.4263,0.06072,U
0,1931,2,330,2013,12.8,7,0,0,1960,26,89.6,30.08196,-102.3508,13.0051,26.2433,11.5659,0.05976,U
0,1936,2,860,2013,13.4,15.2,13.4,26,1971,19,396.72,30.36512,-103.17081,12.4228,23.4755,8.50305,0.12084,S
0,1937,2,860,2013,13.4,10.1,13.4,26,1971,19,263.61,30.35564,-103.18355,12.2679,23.9366,8.21475,0.1223,S
0,1947,2,1420,2013,12.2,7,13.4,14,1966,16,96.6,30.47497,-103.08227,13.8719,24.1575,8.59394,0.10563,S
0,1958,2,790,2013,12.2,12.5,13.4,14,0,37,172.5,30.55336,-102.36232,17.1335,26.0839,10.9458,0.05155,U
0,1974,1,790,2013,9.1,7.6,0,0,0,37,69.16,30.52427,-102.38499,16.7404,26.0706,10.7866,0.05268,S
0,1955,2,2110,2013,13.4,10.7,25.6,26,1969,25,278.2,31.01422,-103.07096,13.1637,26.5776,10.5807,0.09316,S
0,1941,2,2110,2013,13.4,12.2,0,0,1968,25,163.48,30.57149,-102.59285,16.0174,25.9438,10.2553,0.06267,S
0,1962,2,2110,2013,13.4,14,0,0,1968,25,187.6,30.58562,-103.021,13.9903,25.3184,9.17997,0.09324,U
0,1932,2,20,2013,6.1,16.2,7.3,8,0,35,132.84,30.51421,-102.33486,17.0241,26.0921,10.9258,0.05073,S
0,1975,2,2190,2013,12.2,25.9,12.9,14,0,44,352.24,30.52102,-102.29068,17.4687,26.0599,11.0666,0.04903,U
0,1975,4,4380,2013,24.4,13.7,0,55,0,44,757.61,30.534,-102.20226,18.1138,26.107,11.3834,0.04603,U
0,1978,4,4020,2013,24.4,13.7,0,0,0,44,334.28,30.44442,-101.52501,20.5846,25.9255,11.4181,0.03202,S
0,1931,4,5390,2013,22.9,21.6,0,0,1982,40,494.64,30.56576,-103.22595,13.1171,25.3289,9.24165,0.11355,U
0,1932,2,10,2013,6.7,59.1,13.4,14,1959,42,815.58,30.55059,-103.09531,13.7832,24.9908,8.85611,0.10142,S
0,1931,2,220,2013,6.4,12.2,13.4,14,1959,35,168.36,30.54024,-103.0251,13.9019,24.9851,8.82817,0.09557,S
0,1931,2,220,2013,6.4,12.8,6.4,14,1959,35,176.64,30.53554,-103.00499,13.9304,24.9636,8.81157,0.09406,U
0,1966,4,5390,2013,23.2,11,23.2,48,1985,40,526.9,30.56151,-103.18157,13.2584,25.1407,9.11279,0.10971,S
1,1983,2,20,2013,12.2,19.5,0,0,0,35,237.9,30.54101,-102.54318,16.2859,25.9048,10.0613,0.06023,S
0,2001,2,1580,2011,13.4,11.6,13.4,14,0,26,162.4,30.55284,-101.56366,19.9643,25.848,11.1785,0.0328,S
0,1968,2,1220,2013,11,7,12.2,13,0,35,88.2,31.07348,-102.474,16.3423,26.8679,11.0357,0.05806,U
0,1968,2,1220,2013,11,7,12.2,13,0,35,88.2,30.58538,-102.50011,16.7036,26.0061,10.3874,0.05772,S
0,1957,2,1860,2013,12.2,8.2,0,0,1984,18,100.04,31.21081,-103.01228,12.5897,27.0217,9.94006,0.08997,S
0,1962,2,240,2013,8.5,10.7,8.5,11,0,5,121.98,30.46283,-102.34142,16.5262,26.0015,10.8441,0.0513,U
0,1941,2,10,2013,10.4,8.8,10.4,11,0,50,95.92,31.08214,-104.00273,12.8301,25.2993,8.89456,0.1192,U
0,1932,2,3020,2013,12.2,12.2,12.7,15,1960,32,184.22,31.57026,-103.59491,11.4505,27.036,9.59256,0.07214,U
0,1982,4,5440,2013,23.2,13.7,0,0,0,44,317.84,30.57157,-103.25541,13.2735,25.5295,9.34522,0.11587,S
0,1974,4,4880,2013,23.2,10.1,0,0,0,44,234.32,31.02241,-103.55291,13.5007,26.6973,9.69085,0.10603,U
0,1966,2,50,2013,6.1,8.5,8.5,9,0,14,75.65,31.16344,-103.46156,12.4378,26.9668,9.88012,0.09817,S
0,1954,2,740,2013,13.4,18.3,13,14,1985,55,256.2,30.02598,-102.08396,13.2142,26.8766,12.2125,0.04646,S
0,1974,2,1110,2013,11,7.6,0,0,0,20,83.6,30.09534,-102.24278,13.5378,26.4682,11.7999,0.05269,S
0,1934,2,2710,2013,13.4,8.5,0,0,1995,12,113.9,31.11016,-102.17243,16.2383,26.5145,11.4174,0.04658,S
0,1969,2,630,2013,11.6,7.9,0,0,0,32,91.64,31.09156,-102.00116,16.4046,26.2701,11.08,0.04207,S
0,1947,2,1280,2013,6.7,11.6,7.3,8,0,11,89.32,31.29195,-103.25126,12.3876,27.0099,9.89989,0.09441,S
0,1933,2,3600,2013,12.8,8.2,15.5,16,1961,14,132.84,31.42229,-100.18173,28.6553,25.7819,11.5043,0.02703,S
0,1935,2,1820,2013,12.2,14.3,12.5,16,1957,22,223.08,32.0244,-100.14471,24.3903,25.0997,10.3822,0.031,S
0,1953,2,1270,2013,12.5,14.9,11.9,14,0,16,205.62,31.51191,-100.28244,25.5006,25.7303,11.5126,0.0278,U
0,1956,2,180,2013,7.9,6.7,8.5,11,0,10,72.36,31.4807,-100.41064,23.6353,25.6292,11.3808,0.0279,S
0,1933,2,2150,2013,13.4,16.8,13.1,14,1960,22,236.88,31.22437,-99.52368,28.9033,25.5667,11.3159,0.02551,U
0,1973,4,5040,2013,24.7,8.5,0,0,2006,19,209.95,31.12593,-99.51535,28.6302,25.6376,11.2601,0.02504,S
0,1959,2,310,2013,7.3,22.3,10.4,11,0,4,240.84,31.23312,-100.05234,28.5856,25.713,11.1965,0.02562,U
0,1976,4,7170,2013,23.2,16.2,0,0,0,44,375.84,30.41087,-101.22166,22.817,25.7333,11.0721,0.02869,S
0,1933,2,2000,2013,12.2,22.3,13,14,1974,35,307.74,30.42117,-101.13096,22.2261,25.7385,10.768,0.02794,U
0,1965,2,100,2013,9.1,9.4,0,0,0,45,85.54,30.18575,-101.05186,21.8258,26.6894,11.9441,0.02685,S
0,1965,2,640,2013,9.1,10.4,0,0,0,38,94.64,30.40102,-101.12247,22.2791,25.7928,10.8203,0.02783,S
0,1967,2,640,2013,9.1,11.6,0,0,0,38,105.56,30.36183,-101.10506,22.3095,25.8823,10.936,0.02761,S
0,1953,2,1740,2013,11,9.8,9.6,11,0,42,105.84,30.45147,-101.12144,21.9515,25.6907,10.6619,0.02793,U
0,1961,2,660,2013,11,18.6,11,12,0,51,228.78,30.53084,-101.43126,21.0913,25.5512,10.8185,0.03109,S
0,1954,4,3750,2013,20.7,7.9,20.7,25,2015,23,196.71,31.49048,-101.19194,20.19,25.3261,9.70105,0.03174,S
0,1954,4,3750,2013,20.7,11.9,20.7,25,2015,23,298.69,31.48117,-101.16399,20.41,25.3641,9.8621,0.03152,S
0,1934,3,6940,2013,15.2,25.9,15.3,16,2017,6,411.81,31.07579,-101.0954,20.9446,24.947,10.2429,0.02954,U
0,1962,2,2550,2013,6.7,7,9.8,10,0,15,71.4,31.18308,-100.56136,23.2839,25.2611,10.7481,0.02693,S
0,1964,2,2550,2013,7.9,6.7,12.5,13,2011,15,87.77,31.17569,-101.07373,21.0811,24.9789,10.1684,0.02972,S
0,1939,2,980,2013,12.2,9.4,17.1,18,1975,19,164.5,30.17402,-99.29442,37.8966,24.7701,10.5846,0.02151,U
0,1971,6,7880,2013,29.3,30.2,0,0,0,36,884.86,30.3046,-99.47057,35.5751,24.6509,10.2351,0.02137,S
0,1954,2,620,2013,11.6,19.5,13.4,14,0,12,269.1,30.42219,-99.32196,35.5594,25.1223,10.8166,0.02221,S
0,1959,2,300,2013,6.4,6.7,10.4,11,0,19,72.36,30.27056,-99.40289,36.3654,24.6406,10.334,0.02144,U
0,1957,2,550,2013,12.2,10.1,0,0,0,11,123.22,30.52111,-99.35347,33.799,25.4602,11.2101,0.0224,S
0,2003,3,1120,2012,17.1,11.3,0,0,0,30,193.23,31.13509,-101.42153,17.5602,25.0486,10.158,0.03274,S
0,1960,2,3550,2013,14,7.6,14,14,0,13,109.44,31.17572,-101.30015,19.5602,25.0394,10.1482,0.0316,U
0,1951,2,1210,2013,12.2,15.9,12.2,13,2011,37,203.52,31.19195,-101.4441,16.8815,25.1131,10.2179,0.03312,U
0,1937,2,1450,2013,12.8,14,13.5,14,1963,19,194.6,31.46209,-100.00048,27.4845,26.1108,11.3041,0.02682,U
0,1957,2,280,2013,9.1,9.4,10.4,11,0,23,101.52,31.54306,-100.13452,26.8114,25.9294,11.4405,0.02762,S
0,1958,2,630,2011,8.8,7.9,10.4,11,0,0,85.32,31.34594,-100.10422,29.2144,25.8001,11.4056,0.02638,U
0,1955,1,10,2013,4.3,7.6,5.2,6,0,0,42.56,31.4915,-99.5045,27.2197,25.8172,11.6232,0.02688,U
0,2016,2,10,2013,4.3,21.6,7.3,8,0,0,170.64,31.363,-99.56517,27.883,25.8054,11.6161,0.02617,S
0,1930,2,140,2013,5.5,7.9,6.1,7,0,0,55.3,31.37579,-100.01263,28.3238,25.9488,11.4259,0.02629,U
0,1965,2,2730,2013,13.4,31.7,14,17,0,10,542.07,31.04023,-100.30418,24.896,25.1489,10.4592,0.02527,S
0,1963,2,370,2013,11,10.4,13.4,14,0,22,143.52,30.52418,-100.07127,29.9046,25.4687,10.9582,0.023,S
0,1964,2,640,2013,11,6.4,13.4,14,0,44,88.32,30.5132,-100.3051,23.1426,25.3758,10.8225,0.02375,S
0,1965,2,370,2013,11,10.1,13.4,14,0,22,139.38,30.52463,-100.14507,27.7655,25.3273,10.9677,0.02326,S
0,1924,2,130,2013,6.1,16.5,10.4,11,1940,0,183.15,31.00054,-100.33384,24.4282,25.1785,10.548,0.02522,U
0,2003,4,2760,2013,23.2,18.6,0,0,0,34,431.52,31.56182,-101.10172,21.0152,25.2854,9.74581,0.03148,U
0,1962,4,2760,2013,23.2,26.2,23.2,39,1997,34,1032.28,31.53375,-101.0431,21.3358,25.2368,9.71145,0.03104,U
0,1929,4,6670,2013,24.4,6.7,0,0,1972,17,163.48,31.46048,-100.51118,23.1787,25.5422,11.1089,0.02818,U
0,1955,4,6670,2013,24.4,6.7,0,0,1971,17,163.48,31.50091,-100.58148,23.0109,25.4648,10.889,0.02874,S
0,1956,2,4000,2013,21.9,6.7,21.9,24,2015,26,157.45,31.51056,-101.07277,21.1573,25.26,9.78105,0.0311,S
0,1957,2,1360,2013,7.9,29.6,8.8,10,0,10,284.16,31.40513,-101.03349,21.3591,25.3796,10.4035,0.03039,S
0,1972,4,7670,2013,23.2,7.9,0,0,0,36,183.28,30.31407,-100.25484,21.2261,25.1456,11.3065,0.02324,S
0,1933,2,150,2013,7.3,25.6,7.6,8,0,10,209.92,30.37484,-100.48366,21.7188,25.3366,11.0082,0.02417,S
0,1950,2,4820,2013,11.6,11.9,11.6,13,0,17,157.08,31.33559,-100.33502,25.4043,25.6224,11.5605,0.02678,S
1,1968,3,5840,2013,12,6.7,12,18,0,14,119.26,31.28475,-100.2721,27.2912,25.5719,11.2889,0.02631,S
0,1990,2,3420,2013,11.6,41.5,11.9,13,0,19,522.9,31.22306,-100.20011,27.6141,25.3955,10.892,0.02575,U
0,1989,2,2790,2013,12.2,18.3,11.9,13,0,19,230.58,31.22239,-100.1604,27.9333,25.5092,11.0622,0.0257,S
0,1958,9,6310,2013,35.1,14.6,0,0,2001,10,512.46,31.32326,-100.19045,29.5538,25.6975,11.4175,0.02638,S
0,1961,6,5250,2013,30.5,7,0,0,0,12,213.5,31.34409,-100.1341,29.5789,25.7642,11.4169,0.02643,S
1,1958,5,5500,2013,26.2,10.1,0,0,2006,10,264.62,31.2801,-100.23095,28.2737,25.6012,11.2733,0.02614,U
1,1939,4,3800,2016,15.5,43.3,13.5,17,0,3,753.42,31.28146,-100.24582,27.9825,25.5954,11.2924,0.0262,U
0,1972,2,30,2013,6.1,6.7,8.5,9,0,11,59.63,31.15575,-100.16028,27.1216,25.4081,10.8839,0.02527,S
0,1955,2,950,2013,11,11.9,10.6,11,0,15,135.66,31.1118,-100.29483,25.3437,25.1533,10.5015,0.02553,S
1,2005,2,50,2016,11.9,11.3,11.9,15,0,1,171.76,31.24575,-100.2637,26.9104,25.4914,11.0863,0.02605,U
0,1965,4,18690,2013,23.2,11.6,0,0,0,30,269.12,32.24125,-99.24075,27.9618,24.8532,11.0688,0.03278,U
0,1940,2,2620,2013,12.8,11.9,0,0,1959,26,152.32,32.09537,-99.16019,28.6377,24.7971,10.9316,0.03168,S
0,1941,2,2620,2013,12.8,7,0,0,1979,26,89.6,32.11403,-99.19338,28.625,24.8188,10.8625,0.03175,U
0,1944,2,490,2013,12.8,13.7,0,0,1999,27,175.36,32.25561,-99.23044,27.9476,24.8702,11.1371,0.03294,U
0,1934,2,680,2013,11.6,18.3,12,13,1996,27,234.24,32.20192,-99.23074,28.3887,24.8269,11.0264,0.03244,S
0,2007,2,170,2013,12.8,10.1,12.8,13,0,31,135.34,32.19478,-99.17525,28.7309,24.7943,10.974,0.03255,S
0,1931,3,5900,2010,15.9,8.2,16,20,1949,14,164.82,33.09087,-99.44026,27.3084,24.8995,10.628,0.04287,U
0,1991,2,100,2016,6.1,12.8,7.2,8,0,0,102.4,32.59579,-99.48293,25.9354,24.9154,11.0054,0.03552,S
0,1955,2,680,2010,6.7,11.3,9.1,11,1984,20,124.3,33.09281,-99.44241,27.2982,24.9001,10.6307,0.04288,S
0,1926,2,1420,2013,13.4,18.6,0,0,1970,24,249.24,32.45185,-100.0141,25.9182,24.7824,11.0244,0.03307,U
0,1957,2,60,2013,7.3,8.2,9.8,10,0,18,83.64,32.51471,-99.52457,25.748,24.9515,10.9471,0.03446,U
0,1961,2,560,2013,7.9,7,7.9,13,0,26,88.2,32.31458,-99.48264,26.2413,24.8698,10.8115,0.03272,S
0,1996,2,50,2010,5.5,10.1,7.1,8,0,0,79.79,32.48212,-99.56509,25.9442,24.9342,11.0081,0.034,S
0,2008,2,70,2010,6.7,9.4,7.3,8,0,0,74.26,32.45073,-99.5107,25.3226,24.8967,10.8602,0.03388,S
0,1979,1,50,0,4.9,6.4,0,0,0,0,31.36,31.25332,-95.0623,108.817,25.1482,12.5532,0.04804,U
0,1927,2,710,2013,10.4,6.7,0,0,1966,20,69.68,33.09538,-100.53574,22.4895,24.5454,9.82212,0.03648,U
0,1952,1,55,2010,5.2,10.4,5.6,6,0,0,64.48,33.22164,-100.41156,23.5302,24.6836,9.84072,0.03846,U
0,1928,8,14370,2013,37.8,13.4,0,0,1984,37,506.52,32.1952,-101.09476,19.4061,25.105,10.4006,0.03299,U
0,1950,2,750,2013,9.8,10.1,9.8,13,0,38,134.33,32.16573,-100.56541,22.5843,23.8941,10.2851,0.03255,U
0,1959,2,220,2009,8.5,11.9,12.1,13,2004,11,149.94,32.21386,-100.42317,23.056,24.1708,10.4671,0.03252,U
0,1964,2,160,2013,6.1,8.5,9.8,10,0,14,86.7,32.21129,-100.38492,22.9866,24.366,10.4249,0.03247,S
0,1986,2,55,2010,6.1,9.8,0,0,0,0,59.78,32.26188,-100.24466,24.3307,24.1058,10.3384,0.03241,S
0,1963,2,5080,2015,11.6,14.6,14,15,0,26,213.16,32.45449,-100.55579,23.8351,24.2352,10.5209,0.0332,U
0,1950,2,7460,2013,13.4,7.3,13.4,24,1970,13,175.93,32.41027,-100.55255,23.7704,24.1854,10.5008,0.0331,S
0,1953,2,310,2013,7.9,7.9,9.1,10,0,15,75.05,32.34248,-100.50108,23.4232,23.9779,10.4963,0.03295,U
0,1996,2,640,2013,11,6.7,0,0,0,15,73.7,32.43593,-100.49415,23.8866,24.2305,10.565,0.03321,S
0,1989,2,100,2010,7.3,13.1,8.4,9,0,0,119.21,32.36435,-101.02348,18.4648,25.049,10.442,0.03283,S
0,1929,2,2180,2013,12.2,9.4,0,0,1962,16,114.68,32.33552,-99.32363,26.3553,24.9426,11.004,0.03341,U
0,1938,2,410,2013,12.2,7.9,12.2,18,2003,27,142.2,32.38274,-99.18044,27.4918,24.9986,11.1932,0.03444,S
1,1948,4,7070,2013,14,20.1,14.7,16,0,11,311.55,32.26285,-99.39217,26.8984,24.9101,10.8541,0.03247,U
0,1952,2,1450,2013,7.9,12.8,8.5,10,1960,21,130.56,32.29561,-99.5305,26.6899,24.8262,10.6161,0.03243,U
0,1969,2,320,2013,9.1,15.5,9,15,2001,23,232.5,32.14592,-99.57537,27.2904,24.8547,10.4181,0.03114,S
0,2005,2,1790,2013,12.2,26.5,12.9,14,0,14,360.4,32.19166,-99.44455,27.3351,24.924,10.8867,0.03176,S
0,1997,2,180,2010,6.1,11,7,8,0,2,85.8,32.3001,-100.06483,26.3359,24.3687,10.3374,0.03225,S
0,1983,2,70,2010,6.1,12.8,7.3,8,0,0,103.68,32.30021,-99.59413,26.6771,24.7946,10.5888,0.03229,S
0,1999,2,700,2012,7.6,26.8,12.2,13,0,2,345.72,32.2137,-99.45347,27.2063,24.9177,10.9052,0.03192,S
1,2018,2,68800,2014,9.8,15.4,0,0,0,15,150.92,31.08323,-97.19403,55.7937,25.4836,13.2597,0.03333,S
1,2017,14,79720,2013,71.3,8.8,0,0,0,18,627.44,31.053,-97.23004,55.0393,25.4946,13.3695,0.03293,U
1,1976,10,77070,2015,49.7,10.1,0,0,0,6,501.97,31.07032,-97.45559,53.1284,25.4551,12.7598,0.03146,U
0,1996,2,720,2010,14,7.3,13.3,14,2012,16,102.2,30.57089,-97.12447,63.823,25.924,13.5799,0.03211,S
1,1965,4,23000,2015,14.6,7.9,14.6,18,0,2,142.99,31.07224,-97.42582,53.1386,25.4402,12.9282,0.03167,S
1,1996,2,50,2009,6.4,10.7,8.8,9,0,0,98.44,30.59256,-97.29291,60.8075,25.9524,13.509,0.031,S
0,1935,2,2750,2013,13.7,11.6,0,0,1968,8,158.92,31.57202,-97.46336,51.0977,25.2275,12.7605,0.03436,U
0,1995,2,35,2016,4.9,8.2,7.2,8,0,0,64.78,31.50557,-97.31458,53.9168,25.3063,12.8999,0.03491,S
0,2009,4,8260,2012,28.7,14.3,0,0,0,34,410.41,31.13252,-96.47415,73.3321,25.6552,13.3817,0.03908,U
0,1956,2,100,2013,6.4,7,9.1,10,0,17,66.5,31.08087,-96.48584,75.2234,25.5743,13.2613,0.03864,U
0,1962,2,210,2013,6.7,8.2,11,11,0,16,93.48,31.0531,-96.52295,75.055,25.5872,13.3108,0.0382,U
0,1930,2,580,2013,7.3,10.4,7.3,8,0,12,80.08,31.1931,-96.55054,69.2833,25.5927,13.2171,0.039,U
0,2009,1,55,2015,4.9,7.3,0,0,0,0,35.77,31.17454,-97.13515,56.9216,25.4677,13.1984,0.03422,S
0,1942,2,3980,2013,10.7,13.4,11,14,0,20,182.24,31.59121,-98.01382,42.9226,24.997,12.2154,0.03167,U
1,1964,4,47850,2013,24.4,7,0,0,2012,29,170.8,31.59283,-97.0616,57.0121,25.3972,13.1205,0.03752,U
0,1945,4,1670,2013,21.9,9.1,0,0,2002,22,199.29,32.0244,-97.05355,60.4361,24.7853,12.743,0.04127,S
0,1987,2,1080,2013,7.9,7.9,11.6,12,0,17,94.8,32.09216,-97.17537,58.4423,24.9157,12.5979,0.04108,U
0,1958,2,260,2013,6.7,7.9,0,0,0,6,52.93,32.0815,-97.01458,61.5537,24.7781,12.7075,0.04215,S
0,1974,2,260,2013,6.7,19.5,8.8,9,0,19,173.55,31.5512,-96.53073,63.9166,25.3858,12.8103,0.04193,U
0,1945,1,15,2009,4.6,10.7,4.9,5,0,0,52.43,32.14257,-97.04554,59.5882,24.6637,12.6128,0.04256,U
0,1961,2,110,2018,7.3,8.2,7.4,11,0,9,93.48,31.35028,-96.4647,70.0112,25.5518,13.0706,0.04078,U
0,2008,2,1120,2013,12.5,8.2,0,0,0,17,102.5,31.26462,-96.27182,74.8024,25.7065,13.2538,0.04132,S
1,1958,5,4100,2010,20.7,14,0,0,0,6,289.8,31.33462,-97.06101,56.5296,25.5408,13.4302,0.03578,S
1,2015,10,65120,2011,55.5,20.7,0,0,0,28,1148.85,31.26161,-97.11026,56.562,25.4745,13.3058,0.03494,S
0,1933,3,7694,2017,14.6,7,14.9,17,2016,11,119.7,31.26214,-97.26355,54.4336,25.2366,12.7004,0.03373,U
0,1932,4,19360,2013,24.4,10.1,0,0,2002,14,246.44,31.36339,-97.04076,56.6075,25.5425,13.4061,0.03612,S
0,2004,5,8270,2013,26.2,12.8,0,0,0,12,335.36,31.25223,-97.06043,57.4815,25.5042,13.3562,0.03528,S
0,1956,2,370,2013,8.2,7.9,0,0,2008,6,64.78,31.29436,-97.00303,57.4115,25.585,13.4524,0.03604,U
0,1982,2,1490,2013,8.5,8.8,10.4,11,0,18,95.04,31.30331,-97.04274,57.0625,25.5188,13.3684,0.03574,U
0,1964,2,7500,2013,12.2,6.7,0,0,0,4,81.74,31.37155,-97.17291,54.701,25.3055,13.0016,0.03511,S
0,1987,2,65,2016,5.5,8.2,7.6,8,0,0,65.6,31.3302,-97.25465,54.3859,25.2299,12.832,0.03421,U
0,1973,2,550,2016,6.1,10.4,9.2,10,0,0,99.84,31.39277,-97.1727,54.499,25.2964,12.988,0.03524,S
1,1995,2,550,2016,10.4,10.7,10.4,18,0,0,195.81,31.2904,-97.12329,56.0871,25.4434,13.2647,0.03501,S
0,1926,2,3630,2013,13.4,7,13.4,14,1954,14,98.7,31.51243,-95.43054,101.394,25.1042,12.7125,0.04822,U
0,1953,2,1430,2013,7.3,10.1,0,0,0,10,73.73,31.49536,-95.49532,101.487,25.039,12.7995,0.04766,U
0,1952,2,1120,2013,9.1,7,9.1,19,2010,28,130.9,31.45148,-95.28075,102.662,25.0859,12.6501,0.04853,S
0,1947,4,6220,2013,19.2,13.1,0,0,1986,5,251.52,31.51319,-95.34495,101.399,25.2012,12.5649,0.04876,S
0,1962,2,1170,2013,7.3,6.7,7.9,10,0,10,68.34,31.52303,-95.44459,101.257,25.0556,12.7575,0.04824,S
0,1958,2,2400,2013,7.9,9.8,0,0,0,12,77.42,31.39464,-95.00008,107.755,25.0395,12.0301,0.04988,U
0,1930,2,4520,2013,12.8,7,0,0,1976,14,89.6,32.01349,-95.24227,92.6196,25.0666,12.487,0.05491,U
0,1934,5,370,2013,33.5,6.4,0,0,2003,23,214.4,32.25353,-94.50101,101.406,24.6345,12.2222,0.0626,U
1,2005,2,8100,2013,15.9,7.3,0,0,0,12,116.07,32.23446,-94.49545,102.293,24.6412,12.1308,0.06248,S
1,1980,4,12350,2010,15.9,11.2,16.1,18,0,10,197.12,32.32125,-94.43495,101.608,24.5844,11.7767,0.06367,U
1,1988,4,3110,2010,15.9,9.4,0,0,0,1,149.46,32.33087,-94.46513,100.483,24.5962,12.0296,0.06353,U
1,1970,2,2810,2010,8.5,22.8,8.5,10,0,2,232.56,32.30407,-94.44354,101.877,24.5937,11.823,0.06346,U
0,1931,5,11430,2013,25.9,15.9,26.8,28,1969,16,437.25,32.10079,-96.01345,72.5722,24.8685,12.5805,0.0499,U
0,1962,2,430,2013,6.4,6.7,9.4,10,0,10,65.66,32.08585,-95.40204,89.6256,25.2033,12.4204,0.05438,U
0,1960,2,850,2013,6.1,7.9,10.1,10,0,10,82.95,32.17409,-95.42044,87.731,25.1406,12.3172,0.05503,S
0,1932,2,1490,2013,7.3,10.1,10.4,11,0,12,111.1,31.51422,-94.58474,114.648,25.2284,12.2567,0.05427,U
0,1963,2,390,2013,6.7,13.1,11.3,12,0,13,157.2,32.0136,-94.53433,106.105,24.8314,12.0887,0.06016,S
0,1963,2,390,2013,6.4,10.1,11.8,12,0,13,123.22,32.00409,-94.54063,106.089,24.8371,12.1458,0.06002,U
1,1923,2,2150,2013,7.6,7,14.9,15,1963,17,107.1,32.10245,-94.48547,106.472,24.7209,12.0492,0.06139,S
0,1965,2,3560,2013,13.4,6.7,0,0,0,10,89.78,32.19235,-94.43583,106.726,24.6861,11.8937,0.06254,U
0,1935,2,440,2013,6.1,10.4,6.5,7,0,11,72.8,32.07481,-94.37219,109.67,24.7224,11.8753,0.0619,U
0,1968,2,1940,2013,7.3,13.1,10.1,11,0,3,149.34,32.21403,-94.58127,99.5163,24.6333,12.106,0.06166,S
0,1991,2,165,2018,5.5,12.8,7.2,8,0,0,101.12,32.1213,-94.49179,105.908,24.7105,12.0116,0.06151,U
0,1920,2,50,2010,3.7,7,7.1,8,0,0,54.6,32.03374,-94.54272,105.529,24.816,11.9796,0.0603,U
0,1995,2,430,2015,7.3,7,0,0,0,9,51.1,32.0936,-94.34511,109.979,24.7075,11.8033,0.06225,S
0,1961,4,26940,2013,23.8,7.6,0,0,0,27,180.88,32.28569,-95.30527,87.9842,24.6611,12.5222,0.05687,U
0,1968,2,830,2013,6.7,8.2,0,0,0,15,54.94,32.33156,-95.20239,87.5651,24.6725,12.259,0.05802,U
0,2000,2,1890,2015,6.1,13.4,11.6,12,0,0,164.82,32.13483,-95.23411,89.5752,24.8391,12.1833,0.05609,S
1,1964,2,9090,2015,12.2,12.8,12.2,20,1972,0,249.6,32.18356,-95.18125,88.4856,24.6664,12.0548,0.05693,U
1,1986,2,4460,2015,12.2,16.8,12.1,19,0,0,317.52,32.18171,-95.17492,88.5784,24.6623,12.0107,0.05696,U
1,1984,4,9880,2015,15.9,9.1,15.9,22,0,0,202.93,32.17283,-95.17231,88.7688,24.6626,11.9765,0.0569,U
1,1975,2,3760,2015,15.9,19.8,15.9,21,0,0,421.74,32.21068,-95.19409,87.9771,24.6695,12.1432,0.05705,U
1,1984,2,580,2015,10.7,6.1,0,0,0,0,65.27,32.19543,-95.1547,88.6843,24.6471,12.0335,0.05723,U
0,2013,2,1000,2013,12.5,10.1,0,0,0,5,126.25,32.27098,-95.26119,88.1762,24.6996,12.5885,0.05706,S
0,1939,2,5400,2013,13.4,11.9,13.5,14,1980,10,171.36,32.38594,-95.50341,84.492,24.5183,12.0167,0.0563,U
0,1953,2,5140,2013,13.4,6.7,0,0,2000,9,89.78,32.22348,-95.29416,88.1567,24.7233,12.4692,0.05643,S
0,1963,2,620,2013,6.1,6.4,0,0,0,24,39.04,32.37336,-96.00079,76.0619,24.6418,12.4441,0.05271,S
0,1962,2,250,2013,9.1,13.1,17.3,18,2017,30,231.87,32.30152,-95.37543,85.877,24.6204,12.2658,0.05646,U
0,1938,2,2330,2013,7.3,25.9,7.3,8,0,7,212.38,32.42333,-95.52587,84.681,24.4614,12.0038,0.05652,U
0,1986,2,2020,2013,7.3,7.9,0,0,0,7,57.67,32.34511,-95.52253,84.7574,24.5639,12.142,0.05579,U
0,1995,2,420,2013,7.9,17.1,0,0,0,11,135.09,32.30509,-95.59536,84.9681,24.6749,12.2415,0.05485,U
0,1955,2,2180,2013,12.2,6.7,0,0,0,14,81.74,32.57027,-95.09133,80.6386,24.4236,11.5695,0.06104,U
0,1956,2,460,2013,6.7,17.7,9.8,10,0,11,180.54,32.51385,-95.10013,81.6273,24.4354,11.7458,0.06047,U
1,1951,4,13700,2013,15.9,7,15.7,20,1968,6,140,31.20093,-94.44488,116.587,25.3572,12.3826,0.0521,S
1,1962,4,30840,2013,24.1,15.2,0,0,1980,5,366.32,31.18263,-94.44011,116.567,25.3516,12.425,0.05196,U
0,2001,2,75,2013,4.9,12.5,7.2,8,0,0,98.75,31.27519,-94.5502,113.903,25.2699,12.411,0.05204,S
0,1931,4,5570,2013,16.8,6.7,17.7,22,1969,9,144.72,31.26281,-95.28354,104.887,25.2702,12.6655,0.0467,U
0,1962,4,24700,2013,37.8,8.8,0,0,0,22,332.64,31.28298,-94.43337,117.129,25.3728,12.2935,0.05298,U
0,1969,3,9640,2013,17.6,10.1,17.6,45,0,6,456.52,30.45507,-95.01463,106.072,25.6872,13.6873,0.04259,U
0,1951,2,450,2013,6.7,7,6.9,13,1962,10,90.3,31.30039,-94.11236,124.703,25.2647,12.3346,0.05527,S
0,1991,2,320,2013,7.3,6.7,7.3,20,0,2,130.65,31.32198,-94.15033,123.143,25.2281,12.3314,0.05528,U
0,2008,2,55,2015,4.9,11,7.3,10,0,0,107.8,31.19136,-94.14159,123.406,25.3232,12.4337,0.054,S
0,2000,2,55,2015,4.9,9.8,8.4,16,0,0,156.8,31.30273,-94.15017,123.212,25.2392,12.3545,0.05509,S
0,1956,2,2870,2013,8.5,13.4,9.1,18,2007,14,245.22,30.32599,-95.16386,102.721,25.6597,13.956,0.04109,S
0,1988,2,700,2013,7.3,9.8,9.7,19,0,15,183.26,30.42373,-95.16302,105.061,25.6555,13.8206,0.04162,S
0,1983,2,105,2015,6.1,10.4,8.5,18,0,0,182,30.2934,-95.09456,103.004,25.672,14.0707,0.04125,S
0,2007,2,55,2015,6.1,6.4,9.2,10,0,0,62.72,30.37355,-95.0703,104.484,25.6465,13.8578,0.04183,U
0,1988,2,530,2013,6.1,9.1,0,0,0,9,55.51,31.46397,-94.15301,119.827,24.9964,12.1206,0.05672,S
0,1995,2,170,2015,7,10.1,0,0,0,9,70.7,31.5037,-94.19085,118.715,24.8635,12.1281,0.05692,S
0,1930,2,2740,2013,13.4,6.4,0,0,1961,13,85.76,29.13136,-95.41403,114.428,26.1096,15.583,0.03372,S
1,1976,7,25180,2013,42.7,13.1,0,0,1994,6,559.37,29.28533,-95.23548,112.91,25.8583,15.616,0.03533,S
0,1991,2,290,2011,6.7,10.7,0,0,0,1,71.69,29.06055,-95.48249,110.927,26.0619,15.6175,0.03302,S
0,2004,2,250,2011,5.5,7,0,0,0,0,38.5,29.306,-95.16502,112.905,25.8092,15.7372,0.03568,S
1,1993,5,14540,2013,20.7,7.9,0,0,0,4,163.53,29.35366,-95.44355,107.675,26.0519,15.6535,0.03509,S
0,1990,3,4580,2013,18.9,9.8,19.3,26,0,12,256.76,29.36141,-95.58382,104.016,26.2215,15.5591,0.03467,S
0,1935,2,1450,2011,7.3,9.8,11,11,1961,0,111.72,29.27399,-95.54442,111.406,26.071,15.6155,0.03427,S
0,1988,2,2330,2013,12.2,9.8,0,0,0,12,119.56,29.23177,-95.38512,113.013,26.0593,15.6519,0.0345,S
1,1994,6,42920,2013,31.7,11,0,0,0,4,348.7,29.4506,-95.46331,102.298,26.1473,15.6958,0.03557,U
0,2006,2,50,2010,4.9,23.2,0,0,0,0,113.68,29.21078,-95.55271,112.675,26.0796,15.601,0.03387,U
1,2010,3,3500,2016,12.2,25,12.1,20,0,3,497.5,29.49112,-95.12105,112.788,25.8297,15.8275,0.03708,S
1,2005,24,15000,2016,224,6.7,0,0,0,10,1500.8,29.47028,-95.30501,107.238,25.9219,15.8998,0.03629,S
1,1993,2,21750,2013,7.3,10.4,0,0,0,8,75.92,29.36034,-95.12009,113.375,25.7596,15.7448,0.0362,S
1,1975,3,2410,2010,13.4,9.8,0,0,0,13,131.32,29.42351,-95.16127,113.136,25.7661,15.7957,0.03652,S
1,1988,3,41423,2015,11.6,7,0,0,0,7,81.2,29.4903,-95.33511,104.838,25.9513,15.893,0.03627,S
1,1996,10,17000,2012,62.8,10.7,0,0,0,0,671.96,29.35526,-95.21469,113.391,25.789,15.664,0.03588,S
1,1986,5,20260,2013,18.3,6.4,20.8,21,0,3,136.32,30.03445,-95.26554,97.5742,26.0051,15.257,0.03914,S
0,1970,5,27700,2015,20.7,7.3,0,0,0,1,151.11,29.56083,-95.27307,102.355,25.9457,15.971,0.03691,S
0,1970,4,6600,2013,14.6,7,0,0,1986,0,102.2,29.32403,-95.10478,112.641,25.7621,15.9527,0.03599,S
1,1940,2,8340,2015,7.3,7.9,9.1,10,0,0,75.05,30.00488,-95.24011,98.6963,26.0168,15.4036,0.03913,S
0,1986,4,10000,2015,14.6,8.2,0,0,0,1,119.72,29.54291,-95.39147,100.553,26.0098,15.9335,0.03632,S
1,2000,2,500,2015,12.2,6.4,12.1,19,0,1,120.96,30.00439,-95.24354,98.5859,26.017,15.4086,0.03911,U
0,1989,2,1000,2015,12.2,6.7,12.2,24,0,1,163.48,29.57475,-95.35187,100.25,25.9833,15.9888,0.03665,U
0,1960,2,17920,2011,9.4,7,0,0,0,0,65.8,29.49583,-95.03275,113.856,25.6136,16.2729,0.03739,U
1,1983,6,15490,2012,20.1,10.7,0,0,1988,0,215.07,29.50029,-95.29249,105.722,25.9305,15.9396,0.0365,S
1,1953,2,1000,2013,4.9,9.1,17.7,19,0,1,170.17,29.4612,-95.12141,113.629,25.7836,15.8305,0.03688,U
1,1950,4,9800,2013,14.6,9.1,0,0,2000,1,132.86,29.43577,-95.18484,112.406,25.8002,15.8372,0.03652,S
1,1978,2,970,2011,8.2,6.4,8.2,12,0,2,74.24,29.3603,-95.12297,113.377,25.7598,15.7348,0.03619,S
1,1991,4,15740,2012,14.6,11,0,0,0,0,160.6,29.51219,-95.27319,105.496,25.9301,15.9488,0.03664,S
1,1996,2,300,2011,8.2,6.7,13.4,18,0,0,119.26,29.38203,-95.10169,113.722,25.7591,15.7658,0.03641,S
0,1986,2,650,2013,7.3,7.9,11.2,16,0,2,130.35,30.03383,-95.55171,89.2825,25.9619,15.1149,0.03783,S
1,2005,4,10000,2013,21.9,12.8,22.1,28,0,0,363.52,29.42427,-95.38023,106.576,25.9556,15.718,0.03575,S
1,2000,2,200,2012,6.1,11.3,0,0,0,1,68.93,30.06231,-95.37097,93.9493,25.9866,15.2273,0.03877,S
0,1928,2,3160,2013,12.2,6.7,12.2,20,2015,8,132.66,30.29546,-95.29227,99.555,25.7967,14.2984,0.0403,S
1,1926,5,14250,2013,19.5,17.1,19.6,26,1958,6,449.73,30.1913,-95.2752,97.337,25.8531,14.7289,0.03986,S
1,1969,14,94680,2010,73.8,12.8,0,0,2007,10,944.64,30.05279,-95.14256,99.0657,25.9647,15.1675,0.0398,S
1,1962,4,96930,2016,18.3,13.7,0,0,2009,12,250.71,30.18363,-95.28105,97.2011,25.8607,14.7487,0.0398,U
1,1977,2,17700,2013,13.4,9.8,0,0,0,9,131.32,30.12216,-95.34415,95.889,25.9544,15.009,0.03918,U
1,1993,3,7390,2013,12.8,8.8,12.8,17,0,9,147.84,30.13025,-95.16161,97.061,25.889,14.9255,0.04009,S
0,2015,2,50,2016,11,30.2,0,0,0,1,332.2,30.16106,-95.32342,96.6676,25.903,14.8454,0.03947,S
1,1997,2,2000,2015,11,11.3,11.2,16,0,0,178.54,30.13048,-95.31323,96.4274,25.9383,14.959,0.03937,S
1,2001,2,500,2015,11,12.2,0,0,0,0,134.2,30.12372,-95.33554,96.0794,25.9594,15.0054,0.03923,S
1,2000,4,27850,2015,19.5,8.8,0,0,0,0,171.6,30.10541,-95.32272,96.0652,25.9701,15.0909,0.03921,S
0,2000,2,500,2015,6.1,11.6,0,0,0,1,70.76,30.06354,-95.2158,97.9667,25.9738,15.1271,0.03953,S
0,2009,2,600,2015,6.1,7.6,7.4,10,0,5,74.48,30.20384,-95.20295,97.6526,25.814,14.6893,0.04028,S
1,2002,2,2000,2015,11,11.9,0,0,0,2,130.9,30.10472,-95.34164,95.6642,25.9696,15.0972,0.03911,S
1,2015,2,4000,2016,13.7,7.3,0,0,0,1,100.01,30.16262,-95.25154,96.8186,25.8665,14.7895,0.03984,U
0,1998,2,1700,2016,9.1,8.5,0,0,0,1,77.35,30.11256,-95.45097,93.4352,25.9083,14.9804,0.03863,S
0,1963,2,400,2016,5.5,9.1,0,0,0,1,50.05,30.08347,-95.42395,93.4172,25.9347,15.1272,0.03862,U
0,1977,2,790,2013,7.9,6.7,0,0,0,10,52.93,30.03099,-96.06171,87.8918,26.336,14.2762,0.03571,U
0,2007,2,1910,2013,14,6.7,0,0,0,9,93.8,29.45338,-96.11173,86.1555,26.6817,14.885,0.03366,S
0,1938,2,2090,2013,12.2,6.4,13.7,18,1995,6,117.76,29.54346,-96.29181,84.7449,26.6584,14.5166,0.03369,S
0,1965,2,1110,2013,7.6,15.9,0,0,0,12,120.84,29.39384,-96.46141,80.624,26.749,14.6784,0.03295,S
0,1933,2,7450,2013,12.2,8.2,14.6,15,1969,36,125.46,29.37586,-96.30268,83.1798,26.7595,14.7859,0.03305,U
0,1966,4,37060,2013,23.2,22.9,0,0,0,22,531.28,29.4406,-96.21466,84.7398,26.723,14.7826,0.03343,S
0,1948,2,6180,2013,12.8,15.2,12.6,14,1961,21,211.28,29.34067,-96.28119,83.143,26.7826,14.8087,0.03294,S
0,1967,6,30120,2013,29.3,12.8,0,0,0,38,375.04,29.41279,-96.39129,82.0468,26.7188,14.676,0.0331,U
0,1995,2,100,2010,6.1,7,0,0,0,20,42.7,29.23397,-96.282,82.2121,26.8498,14.9176,0.03245,U
0,1971,2,4330,2013,13.4,8.2,0,0,0,27,109.88,29.09317,-97.16128,62.0865,27.1351,14.7555,0.0303,S
0,1928,2,3580,2013,11.6,14,11.9,13,1959,15,176.4,29.17509,-97.09529,67.0671,27.0159,14.7977,0.03077,S
0,1940,2,560,2013,7,7,11.8,12,2002,10,86.8,29.06449,-97.01036,66.6611,26.9843,15.1243,0.03061,U
0,1949,2,310,2013,7,7,6.1,8,0,10,58.1,28.5406,-97.35196,52.8806,27.6245,15.6874,0.02798,S
0,1970,2,600,2013,6.1,19.5,9.1,10,0,11,185.25,29.18046,-97.20101,63.6379,27.0852,14.6321,0.03041,S
0,1970,2,600,2013,6.1,7.9,9.1,10,0,11,75.05,29.18111,-97.20032,63.7055,27.0824,14.6316,0.03042,S
0,1963,2,430,2013,6.7,9.4,9.4,10,0,10,92.12,29.00304,-97.22197,58.7609,27.2662,15.039,0.02985,S
0,1960,2,70,2010,3.7,10.1,6.2,7,0,0,66.66,29.07252,-97.30322,56.9892,27.4521,14.902,0.02978,S
0,1991,2,120,2013,4.9,17.1,8.4,9,0,0,155.61,29.15591,-97.09077,66.4782,27.0283,14.8112,0.03072,S
0,1940,2,1460,2013,11.6,6.4,0,0,0,14,74.24,29.40501,-97.0341,69.4715,26.8143,14.6295,0.03166,U
0,1981,2,1620,2013,7.3,6.4,10.5,11,0,12,71.68,29.4424,-96.4648,80.822,26.76,14.5985,0.03312,S
0,1953,2,3110,2013,9.8,9.8,9.9,15,2005,13,148.96,29.49554,-96.57391,79.1928,26.7374,14.4862,0.03314,S
0,1978,2,280,2013,7,6.4,13.7,14,0,11,90.24,30.00507,-96.3634,83.9309,26.2881,14.2015,0.03461,S
0,1971,2,14660,2013,12.2,9.4,0,0,0,26,114.68,29.41468,-97.08389,67.8401,26.8396,14.5073,0.03147,S
0,1967,4,27290,2013,23.2,7.6,0,0,0,38,176.32,29.41457,-96.52577,79.4217,26.7537,14.615,0.03296,S
0,1988,2,2640,2013,8.2,13.1,9.8,17,0,16,222.7,29.34357,-97.22176,64.3694,26.9259,14.3016,0.03069,S
0,1923,3,7620,2013,18.3,6.7,0,0,1989,39,122.61,29.35197,-97.32067,62.1465,27.2471,14.5136,0.0302,S
0,1951,2,1100,2013,9.8,13.1,0,0,2007,23,128.38,29.18105,-97.4609,57.1157,27.3365,14.5847,0.02934,S
0,1953,2,440,2013,8.5,7,8.5,12,2014,23,86.1,29.38146,-97.13427,66.7554,26.8243,14.4782,0.03117,S
1,1963,2,2620,2013,13.4,7.9,13.4,22,0,18,173.8,29.30183,-97.26301,63.3989,27.0843,14.422,0.03043,S
0,1983,2,1200,2013,7.3,9.8,10.3,11,0,18,107.8,28.50378,-96.30186,87.3405,25.2096,18.4168,0.02844,S
1,1997,2,1420,2013,5.8,10.1,7.3,8,0,0,77.77,28.58447,-96.38007,84.2652,25.7842,17.62,0.02894,U
0,1950,4,7230,2013,25.6,16.8,25.6,48,2008,10,804.72,29.09079,-96.59125,77.119,26.6921,15.398,0.03141,S
0,1954,2,430,2013,7.3,13.4,0,0,2005,10,97.82,29.34114,-97.03307,69.4112,26.8764,14.7382,0.03149,S
0,1965,2,230,2013,6.7,7,0,0,0,4,46.9,29.35421,-96.50458,79.7101,26.7572,14.7045,0.03275,S
0,1953,2,170,2013,6.7,8.2,6.7,8,0,9,68.06,29.26173,-97.03246,69.5816,26.956,14.8642,0.03124,S
0,1956,2,210,2013,7.3,6.7,7.3,11,0,12,72.36,29.28381,-97.06566,69.6192,26.9299,14.7687,0.03119,S
0,1977,2,150,2013,6.1,14.6,0,0,0,15,89.06,29.25234,-96.471,79.9276,26.7714,14.8858,0.03233,S
0,2007,2,40,2014,5.8,7.3,0,0,0,0,42.34,29.30232,-96.57568,79.489,26.8219,14.7579,0.03244,S
0,1929,2,13550,2013,11.6,10.1,11.8,21,1972,16,211.09,28.5139,-96.52241,82.8936,26.1045,17.1659,0.02857,U
0,1929,2,12540,2013,11.6,8.8,11.7,21,1972,16,185.68,28.52228,-96.51007,83.195,26.0667,17.2429,0.02861,S
0,1960,6,7800,2016,24.4,11.3,0,0,2001,25,275.72,28.43099,-96.52221,85.7491,26.0427,17.5334,0.02814,S
0,1955,4,14810,2013,25,16.5,0,0,1987,10,412.5,28.40582,-97.025,60.3308,27.095,16.1578,0.02764,S
1,1948,4,12540,2013,24.4,7,0,0,1979,8,170.8,28.42541,-96.56403,82.1923,26.1497,17.3788,0.02812,S
1,1978,2,1770,2013,11.9,7.6,20.1,20,0,15,155.8,28.41266,-96.56321,82.3112,26.1261,17.4728,0.02806,S
0,1997,2,45,2012,5.5,10.4,8.3,9,0,0,93.6,29.01524,-96.53448,77.6295,26.4945,15.4795,0.0311,S
1,1960,2,1600,2010,7.3,14.3,13.4,14,0,2,197.34,28.48583,-97.00309,61.9886,27.0641,16.0297,0.02808,U
0,1950,2,900,2013,7.9,10.4,9.2,10,2007,5,102.96,29.17084,-96.14093,84.8417,26.6863,15.1743,0.03233,U
0,1966,2,380,2013,7.9,10.4,10.4,11,0,4,112.32,29.15459,-95.59305,109.922,26.0941,15.6183,0.0334,S
0,1969,2,940,2013,8.2,9.4,8.5,11,0,17,105.28,29.30159,-96.04114,85.9531,26.5996,15.1428,0.03312,U
0,1966,2,220,2013,8.5,13.1,8.2,9,0,4,116.59,29.16554,-96.17253,84.121,26.7224,15.1509,0.03226,U
0,1960,5,18200,2012,25.6,8.2,0,0,2014,10,209.92,30.06355,-97.18271,69.0868,26.5842,13.6373,0.03107,S
0,2004,2,610,2010,6.1,8.5,7.3,10,0,0,85.85,29.57359,-97.1857,63.8377,26.6446,14.2693,0.03112,S
0,1955,4,4160,2013,16.5,7.9,19,22,1971,14,170.64,30.143,-98.3432,49.8926,25.51,12.2639,0.02479,S
0,2012,4,7890,2013,14.6,20.7,20.5,21,0,7,440.91,30.26024,-98.20366,48.0959,25.9135,12.9533,0.02544,S
0,1960,2,8260,2013,13.4,6.7,15.3,43,0,9,286.76,30.09316,-98.23129,51.1688,25.5661,12.4914,0.02513,S
0,1958,3,6560,2013,14,16.8,14.3,15,0,11,252,30.52482,-97.55115,56.0189,26.1175,13.4329,0.02918,S
0,1942,2,320,2013,7.3,10.1,7.3,10,0,4,103.02,30.43568,-98.22003,46.9154,25.7929,12.848,0.02573,S
0,1960,2,2390,2013,7.3,6.7,0,0,0,4,48.91,30.34101,-98.07124,50.1649,26.0095,13.1145,0.02612,U
0,1994,2,300,2011,8.5,15.5,9.3,14,0,2,220.1,30.34279,-98.16476,47.7829,26.1073,13.2589,0.02574,S
1,2011,2,210,2013,11,15.5,0,0,0,18,170.5,29.53429,-97.42397,59.0414,27.1263,14.2624,0.02964,S
0,2016,2,130,2010,7.3,11.6,7.3,13,0,0,150.8,29.57546,-97.42319,59.5777,27.0111,14.2059,0.02962,S
0,1992,2,64,2011,5.5,14.9,7.5,11,0,0,159.43,29.47536,-97.38357,59.4486,27.2727,14.3394,0.0299,S
0,1933,4,4770,2013,14.6,7.9,0,19,1957,7,153.26,30.10003,-98.53117,48.644,25.1686,11.7958,0.02417,S
0,1955,5,4830,2013,21.3,10.1,21.4,30,1970,14,307.04,30.13147,-98.42321,50.6281,25.2718,11.9906,0.02452,S
0,1996,2,1310,2013,14,15.2,13.6,17,0,29,262.96,30.13055,-99.13572,40.6128,24.8939,10.9045,0.022,S
0,1966,2,420,2013,6.7,7,8.5,9,0,4,62.3,30.24581,-98.51261,43.4876,25.3878,12.2084,0.02438,S
1,1961,11,95410,2013,62.8,12.2,0,0,2013,13,766.16,29.59284,-97.52162,57.7037,27.0584,14.1831,0.02892,U
1,1962,2,12930,2013,7.6,14.9,0,0,0,13,113.24,29.56121,-97.53059,57.6831,27.1499,14.258,0.02889,S
0,1960,2,650,2013,6.7,10.7,11.4,12,2011,14,128.4,30.05561,-98.15149,54.3051,25.8355,12.8843,0.02541,S
0,2011,3,7400,2010,20.1,7,0,0,0,6,140.7,29.5459,-98.02525,47.6323,26.7963,14.1584,0.02613,S
0,1939,2,10350,2013,13.4,6.7,0,0,2011,5,89.78,29.54512,-98.01554,47.6466,26.8087,14.1626,0.02618,S
0,2015,2,9113,2014,9.8,8.5,0,0,0,61,83.3,29.5436,-98.01136,47.6521,26.8139,14.1654,0.0262,S
0,1992,2,4490,2013,8.5,18.3,8.4,12,0,5,225.09,30.06384,-97.56526,57.8074,26.5059,13.5468,0.02845,S
0,2005,2,200,2014,9.1,15.5,9.1,15,0,1,230.95,30.09574,-97.59327,57.2002,26.4752,13.5841,0.02829,S
1,2007,2,2000,2018,11.3,7,0,0,0,1,79.1,29.56316,-97.5348,57.5906,27.1459,14.2506,0.02886,S
1,2012,2,2000,2018,11,8.2,11,17,0,1,136.12,30.01109,-97.53164,58.226,26.5248,13.4337,0.02865,S
1,2010,2,500,2018,12.2,16.5,12.2,19,0,1,316.8,29.57547,-97.50381,58.2258,27.0831,14.2375,0.02906,U
0,1962,2,790,2013,6.7,7.6,0,0,0,13,50.92,30.25306,-96.56359,76.2955,26.1478,14.0622,0.0344,S
0,1956,2,150,2010,5.5,11.9,5.5,11,0,4,128.52,30.17385,-96.44133,84.212,26.1229,14.3226,0.03472,S
0,2003,2,100,2010,6.1,8.8,0,0,0,2,53.68,30.27046,-97.07402,66.0448,26.1911,13.6399,0.0319,S
0,2005,2,100,2010,18.3,10.4,0,0,0,90,190.32,30.25278,-97.11111,65.6191,26.1431,13.5587,0.03165,S
0,1934,5,6960,2013,19.5,10.1,19.5,21,1969,9,210.08,30.45338,-98.40154,44.8713,25.3148,12.3333,0.02512,U
0,1931,2,1250,2013,9.1,6.7,10.5,12,1958,7,79.73,30.39211,-98.42014,45.0466,25.2635,12.1918,0.02493,U
0,1956,2,450,2013,6.4,9.8,9.1,10,0,4,93.1,30.52523,-98.28221,45.555,25.9651,13.0295,0.02572,S
1,1960,8,152680,2013,43.3,7.6,0,0,0,10,329.08,30.27402,-97.40042,60.0989,26.4764,13.5283,0.02973,S
1,1959,3,32560,2013,11.6,13.4,14.9,33,0,2,446.22,30.13428,-97.40595,60.4114,26.5161,13.3921,0.0296,S
0,1992,2,6980,2013,12.2,9.4,12.2,20,0,5,188.94,30.17157,-98.03066,56.2117,25.9403,13.0203,0.02603,S
1,1959,2,9080,2013,8.5,11.6,8.9,10,0,4,118.32,30.19344,-97.27392,62.808,26.3866,13.613,0.03053,S
1,1993,4,37870,2013,24.4,14,0,0,0,2,341.6,30.22436,-97.48239,58.4523,26.5373,13.2532,0.02911,S
1,1989,3,14650,2010,17.1,7.6,17.1,76,0,3,579.12,30.241,-97.43416,59.4437,26.5014,13.4001,0.02944,S
0,1991,4,27870,2015,23.2,17.1,0,0,0,2,396.72,30.11479,-97.52064,58.5647,26.5109,13.4945,0.02878,S
0,2016,2,50,2018,14.3,33.8,14.5,27,0,0,905.84,30.15343,-97.35216,61.3539,26.5442,13.4247,0.02999,S
0,1970,2,1200,2010,7.9,7,0,0,0,0,55.3,30.26172,-97.52236,57.2323,26.466,13.4451,0.02891,U
1,2008,2,100,2010,7.3,11.6,0,0,0,5,84.68,30.15246,-97.34205,61.5808,26.5334,13.4779,0.03005,S
0,1961,2,890,2010,6.7,6.7,7,7,0,0,48.91,30.22153,-97.37343,60.5773,26.508,13.4789,0.02985,U
0,1990,2,350,2010,10.4,9.1,10.5,17,0,0,151.06,30.08446,-97.34316,61.8623,26.6,13.4829,0.03001,U
0,2014,2,340,2010,7.9,12.2,9.1,18,0,1,215.94,30.06581,-97.39268,60.7744,26.5424,13.398,0.02964,U
0,1990,2,1150,2016,8.5,6.4,0,0,0,0,54.4,30.21558,-97.51337,57.777,26.5688,13.1563,0.02891,S
1,1952,2,1334,2014,9.1,10.4,9.1,12,0,0,130,30.14571,-97.45165,59.59,26.4936,13.4107,0.02927,U
1,1940,3,18458,2014,12.2,13.7,12.1,15,1965,0,208.24,30.21557,-97.44119,59.3667,26.5437,13.2609,0.02938,U
1,1981,6,22885,2014,25.6,15.2,0,0,0,0,389.12,30.2143,-97.44484,59.2999,26.544,13.2518,0.02935,S
1,1976,2,2490,2010,12.2,7.6,12.2,19,0,0,142.88,30.21595,-97.42421,59.6922,26.5541,13.2661,0.02949,S
1,2004,2,7870,2010,12.2,13.7,12.2,33,0,0,457.58,30.11084,-97.47428,59.5115,26.5063,13.4427,0.0291,S
1,1974,2,2270,2010,13.4,10.7,13.4,18,0,0,187.25,30.22417,-97.42248,59.7099,26.5423,13.301,0.02951,S
1,1977,2,3850,2014,13.4,9.8,13.4,17,0,0,168.56,30.11436,-97.49181,59.1647,26.5081,13.468,0.02898,S
1,1980,2,230,2014,9.1,7.6,9.1,14,0,0,108.68,30.12291,-97.5021,58.8709,26.4949,13.5268,0.02892,U
1,1995,2,200,2016,13.4,6.4,13.4,18,0,0,112,30.12234,-97.50121,58.8969,26.4959,13.5227,0.02892,S
1,1967,2,750,2014,9.1,8.2,9.1,14,0,0,112.34,30.14167,-97.532,58.0512,26.5177,13.4913,0.02873,S
1,1986,2,4870,2010,12.2,8.8,0,0,0,0,107.36,30.26189,-97.37501,60.4655,26.46,13.6242,0.02988,S
1,2017,4,8000,2018,16.5,13.4,0,0,0,1,221.1,30.28199,-97.37155,60.515,26.458,13.6218,0.02994,S
1,1995,2,150,2010,8.5,14.6,0,0,0,0,124.1,30.28506,-97.35052,60.7491,26.4409,13.6817,0.03009,S
1,2003,2,500,2010,12.2,16.8,12.2,37,0,0,628.32,30.28156,-97.35154,60.7459,26.4469,13.6616,0.03008,S
1,1965,2,5530,2013,7.9,10.4,7.8,13,0,20,133.12,30.40117,-97.40026,60.0146,26.3013,13.7136,0.02992,S
1,1956,5,9330,2013,21.3,33.8,21.4,23,2007,9,777.4,30.35317,-97.51316,56.9933,26.4033,13.5912,0.0291,U
1,2012,3,6210,2013,12.2,31.4,12.2,53,0,11,1667.34,30.3738,-97.51485,56.7273,26.3691,13.6449,0.02912,S
0,1955,2,3980,2013,13.4,8.5,13.3,18,1993,15,157.25,30.38321,-97.34337,60.653,26.3189,13.7989,0.03029,S
0,2013,4,10300,2009,23.2,11,23.2,59,0,12,650.1,30.49022,-97.46389,58.8289,26.1225,13.4455,0.02963,S
1,2006,7,8000,2007,32.3,6.7,0,0,0,8,216.41,30.28558,-97.4436,59.3115,26.4757,13.5117,0.02945,S
0,1955,2,570,2013,6.1,6.7,13.3,14,2011,9,93.8,30.25574,-97.15318,64.6161,26.2298,13.5916,0.0314,S
1,1956,2,6230,2013,8.5,24.7,8.4,12,2007,5,293.93,30.34563,-97.50287,57.4584,26.4163,13.5513,0.02915,S
0,1954,2,440,2015,6.1,10.1,7.9,8,0,29,83.83,30.26395,-97.1504,64.545,26.2251,13.5933,0.03143,S
1,1957,5,1750,2010,25.3,27.1,25,36,2011,6,975.6,30.43466,-97.46476,58.3917,26.2389,13.5864,0.02952,S
0,1999,3,3240,2013,12.2,21.9,21.6,27,0,5,593.49,30.29128,-97.27287,61.7897,26.3817,13.6142,0.03065,S
0,2006,2,2870,2010,11,8.8,11.1,14,0,0,126.72,30.33323,-97.34224,60.7382,26.3566,13.8448,0.03023,S
0,1990,2,300,2010,6.1,8.2,7.9,9,0,0,70.52,30.35128,-97.13431,63.0123,26.1555,13.6442,0.03163,U
0,1988,2,210,2010,6.1,18.6,8,9,0,0,159.96,30.31195,-97.29025,61.3593,26.4075,13.5777,0.03056,U
0,1975,2,2970,2010,9.1,10.7,9.1,12,0,0,131.61,30.28282,-97.48591,58.2083,26.4452,13.6153,0.02917,U
0,2007,2,20,2010,6.1,6.7,6.2,18,0,0,123.95,30.43447,-97.52279,56.0551,26.2179,13.582,0.02917,S
1,2000,2,400,2010,9.1,7.6,0,0,0,0,69.16,30.42555,-97.42226,59.5346,26.259,13.6404,0.0298,U
1,2002,7,12610,2010,23.8,14.9,0,0,0,2,354.62,30.29194,-97.3902,60.2762,26.4631,13.5818,0.02983,S
1,1996,4,16010,2010,13.4,7,13.4,19,0,2,134.4,30.29465,-97.38522,60.3468,26.4564,13.6017,0.02987,S
1,1995,2,1000,2010,12.2,7,0,0,0,0,85.4,30.3212,-97.42218,59.8901,26.4014,13.5733,0.02966,S
1,1980,2,470,2010,8.5,25.6,8.5,12,0,2,296.96,30.28172,-97.46519,58.7907,26.4661,13.5387,0.0293,S
1,2018,2,1000,2018,8.2,7.6,8.2,17,0,1,128.44,30.33125,-97.45314,59.1812,26.3921,13.44,0.02946,S
0,2005,2,1000,2010,12.2,8.5,0,0,0,2,103.7,30.34247,-97.38406,60.3988,26.3712,13.762,0.02996,S
1,2012,2,2000,2018,12.2,8.2,12.2,19,0,1,156.62,30.31304,-97.45384,59.1343,26.4322,13.4714,0.02943,S
0,1976,1,100,2010,7.9,21,0,0,0,3,165.9,28.4348,-98.17153,36.6882,28.49,15.5195,0.028,S
0,1980,4,22690,2013,23.2,14,0,0,0,31,324.8,28.56592,-98.26144,37.0502,28.4911,15.2959,0.02783,U
0,1947,2,2710,2013,13.4,8.2,14.8,16,2004,7,127.1,28.57006,-98.35163,35.4891,28.4199,15.085,0.02774,S
0,1965,2,5980,2013,12.8,14,12.9,16,0,11,226.8,29.02346,-98.34223,40.1385,27.934,14.6575,0.02594,S
0,2006,2,2630,2013,9.8,23.2,10.4,17,0,24,396.72,29.1224,-98.46496,40.4949,27.7139,14.6563,0.02515,S
0,1945,2,50,2011,5.5,8.2,7.3,8,0,0,63.14,28.50348,-98.35364,34.403,28.5237,15.4211,0.02784,U
0,1947,2,460,2013,9.8,6.7,10.7,12,2006,14,77.05,29.39579,-99.32407,36.9664,26.9956,13.3579,0.02209,S
1,1960,2,11110,2010,10.1,9.8,0,0,1987,3,98.98,29.3439,-98.19135,43.8641,27.003,14.6931,0.02538,S
0,1974,2,600,2013,7.3,13.7,12.8,13,0,19,180.84,29.15465,-98.42195,40.8067,27.3999,14.739,0.02509,U
1,1962,2,10010,2013,8.5,7.9,0,0,0,16,67.15,29.27595,-98.24273,42.2484,27.1172,14.7115,0.02538,U
1,1962,2,1810,2013,9.8,6.7,11.1,21,2012,14,142.71,29.26589,-98.25216,41.9747,27.2222,14.6835,0.02538,U
1,1966,2,5770,2013,9.4,24.4,0,0,2008,9,229.36,29.39002,-98.37249,42.918,26.8981,14.8747,0.02457,S
0,1979,2,4408,2016,6.1,7,0,0,0,7,42.7,29.12438,-98.24551,38.8185,27.5659,14.4935,0.02578,S
1,1958,14,142040,2013,70.1,12.8,0,0,1981,4,897.28,29.2913,-98.35147,42.139,27.1986,14.8526,0.02491,U
1,1989,5,28870,2013,20.1,16.5,0,0,0,4,331.65,29.28436,-98.38241,41.9561,27.1462,14.9014,0.0248,U
1,1986,2,12460,2013,12.2,23.2,13.3,14,0,5,324.8,29.29576,-98.1834,43.1228,26.8608,14.7498,0.02552,S
1,1989,2,3500,2013,9.8,23.2,12.1,13,0,15,296.96,29.15359,-98.38059,40.6896,27.3893,14.6965,0.02519,S
1,1987,2,12720,2013,12.2,7.9,12.3,16,0,4,125.61,29.34103,-98.40264,42.2239,27.066,14.9685,0.02457,S
1,1981,2,3790,2013,14,25.6,14.6,15,0,9,391.68,29.13524,-98.21121,38.2086,27.6803,14.4227,0.02592,S
1,1993,10,77940,2013,59.7,29.3,0,0,0,9,1749.21,29.34501,-98.38304,42.4014,27.0424,14.9554,0.02465,S
1,1981,10,77940,2013,52.4,14,0,0,1992,9,733.6,29.35116,-98.38057,42.4722,27.0236,14.9453,0.02465,S
1,1979,2,9640,2013,7.3,9.8,0,0,0,28,71.54,29.42372,-98.37404,43.3534,26.7974,14.7987,0.02447,U
1,1987,10,42990,2013,46.3,18,0,0,0,3,833.4,29.28062,-98.4141,41.7766,27.2164,14.9506,0.02466,S
0,1938,2,170,2010,6.1,20.1,6.1,7,0,0,140.7,29.27485,-98.15463,42.7213,27.0051,14.6718,0.02572,U
0,1975,2,240,2010,6.4,13.1,9.8,10,0,0,133.62,29.16224,-98.16599,38.2155,27.5874,14.4637,0.02605,U
0,2009,3,700,2009,13.1,19.5,16.3,17,0,0,333.45,29.12117,-98.36123,40.3909,27.4768,14.6803,0.02538,S
0,2000,2,300,2010,9.1,9.1,9.1,14,0,0,124.67,29.2634,-98.43481,41.5609,27.2903,14.9133,0.02462,S
0,2008,5,100,2013,14.6,12.2,0,0,0,0,178.12,29.25454,-98.46408,41.3978,27.3323,14.902,0.02454,S
0,2005,2,2000,2013,14.6,54,0,0,0,0,788.4,29.38301,-98.24093,43.7346,26.9797,14.7055,0.02509,S
0,2007,4,1000,2013,14.6,18.9,0,0,0,0,275.94,29.29495,-98.42588,41.8126,27.1556,14.9985,0.02457,S
1,1985,2,1000,2011,9.1,7.6,0,0,0,0,69.16,29.26214,-98.3428,41.7968,27.3154,14.768,0.02501,S
1,1925,6,19290,2011,25.3,14,0,0,1980,1,354.2,29.25138,-98.29506,41.6462,27.4833,14.6414,0.02525,S
1,1995,4,20645,2011,14.6,27.7,0,0,0,0,404.42,29.38247,-98.28024,43.425,26.9696,14.7926,0.02491,S
1,1986,2,14340,2011,9.1,29.3,13.8,17,0,0,489.31,29.28473,-98.35101,42.0604,27.2237,14.8356,0.02493,S
1,2001,2,300,2010,7.3,10.1,11.9,12,0,0,126.25,29.28206,-98.35349,42.0214,27.2243,14.8343,0.02492,S
1,1980,2,3800,2011,12.8,9.4,0,0,0,0,120.32,29.30121,-98.24324,42.794,27.0247,14.7471,0.02529,U
1,1990,2,1210,2011,9.1,11,9.1,13,0,0,139.7,29.28336,-98.30484,42.1684,27.3582,14.7366,0.02512,S
1,1945,2,180,2013,9.1,6.4,10.4,11,0,0,68.48,29.31476,-98.30384,42.5899,27.2339,14.831,0.02504,U
1,1977,2,1290,2013,9.1,9.8,9.2,12,0,0,119.56,29.25394,-98.26508,41.6873,27.3486,14.6516,0.02538,U
1,1990,2,100,2013,9.1,19.5,9.1,12,0,0,241.8,29.33288,-98.3554,42.4785,27.0991,14.9595,0.0248,U
1,1934,7,35210,2015,26.5,8.2,26.7,31,1975,2,255.02,29.30403,-98.29568,42.495,27.2944,14.7792,0.0251,U
1,1995,2,1000,2013,12.2,14.6,12.3,17,0,0,246.74,29.28533,-98.40211,41.8713,27.1741,14.9423,0.02471,U
1,1979,4,3780,2013,13.1,8.2,13,16,0,0,130.38,29.31152,-98.27253,42.7446,27.1667,14.7728,0.02516,U
1,1988,5,24490,2013,18.9,61,18.9,23,0,0,1378.6,29.34138,-98.26014,43.2219,27.0421,14.7734,0.02512,S
1,1971,2,5960,2013,12.8,9.8,12.7,16,0,0,151.9,29.29475,-98.37563,42.088,27.0897,14.9156,0.02481,U
1,1974,2,210,2012,7.9,14.9,11,11,0,0,169.86,29.32208,-98.38488,42.2157,27.084,14.9624,0.02471,U
1,1960,2,3490,2013,12.8,11.3,12.8,15,0,0,164.98,29.2442,-98.3829,41.5401,27.3503,14.7832,0.02487,U
1,2008,2,400,2013,13.4,14.9,13.4,18,0,0,272.67,29.35342,-98.194,43.9384,27.033,14.6806,0.02535,S
1,1976,2,1240,2013,12.8,9.4,12.8,15,0,0,137.24,29.30485,-98.23036,42.9357,26.9519,14.7533,0.02533,S
1,2011,11,12890,2013,46.9,20.1,0,0,0,6,942.69,29.44161,-98.12125,45.608,27.0155,14.5551,0.02576,S
0,2002,2,301,2015,7,15.2,8.2,9,0,2,138.32,29.50363,-98.25414,42.9771,26.5526,14.535,0.02506,S
1,1985,4,10660,2010,21.6,11.6,21.8,27,2012,0,314.36,29.40583,-98.07283,46.0963,27.0821,14.5011,0.02611,S
1,2000,2,3100,2009,13.4,27.1,13.4,18,0,0,495.93,29.44567,-98.38143,43.7655,26.7724,14.7471,0.02439,S
0,1950,8,28160,2013,42.1,7.3,0,0,1968,19,307.33,28.58444,-99.04145,31.5382,28.5796,14.8397,0.02577,U
0,1957,3,3350,2013,14.6,16.2,0,0,1971,31,236.52,29.00291,-99.12303,35.5312,28.2305,14.2399,0.02424,S
0,1968,2,1380,2013,9.1,26.2,12.2,13,0,31,330.12,28.54161,-98.54488,30.1431,28.6293,14.8156,0.02741,S
1,1932,8,34230,2013,36.6,11.9,0,0,1961,22,435.54,29.30266,-98.10105,44.319,27.0714,14.5827,0.02589,S
1,1938,5,20960,2013,25,20.4,25,26,2000,8,520.2,29.38119,-98.01567,46.4991,26.7975,14.4031,0.02644,S
0,1928,3,10450,2013,15.2,8.2,15.2,25,1980,12,205.82,29.37458,-97.5802,56.1914,27.3717,14.3905,0.02873,S
0,1969,6,26490,2013,39,7.6,0,0,0,38,296.4,29.36538,-97.49488,57.8927,27.3983,14.3786,0.02923,S
0,1988,2,950,2013,11.6,22.6,11.6,12,0,11,275.72,29.37103,-97.55453,56.7036,27.3868,14.396,0.02887,S
0,1961,2,300,2013,6.7,12.2,9.8,10,0,22,124.44,29.37247,-97.47497,58.3373,27.4137,14.3718,0.02935,S
0,1958,2,240,2013,7.3,25.3,0,0,1971,4,184.69,29.45086,-97.53255,57.2729,27.302,14.3658,0.02897,U
0,1971,2,240,2013,7.6,9.4,8.5,10,0,4,92.12,29.46444,-97.5115,57.5202,27.2959,14.3832,0.02909,S
0,1956,2,2090,2013,8.5,9.4,0,0,0,3,79.9,29.3124,-97.55485,56.251,27.4639,14.3855,0.0289,S
1,1959,4,9820,2013,13.4,14,13.3,17,1993,5,235.2,29.47453,-98.43426,44.6819,26.7384,14.7503,0.02415,S
0,1958,2,1080,2013,11,9.4,0,0,0,14,103.4,30.0822,-99.33501,37.0094,24.9841,10.8029,0.02118,U
0,1962,2,1080,2013,10.7,18.6,10.7,14,0,14,260.4,30.09535,-99.29013,37.4941,25.0348,10.8853,0.02127,S
1,2001,2,6260,2012,8.5,10.4,8.8,23,0,0,241.28,30.02351,-99.08004,42.2735,25.0608,11.2192,0.02196,S
0,1958,2,10110,2013,12.2,10.1,0,0,2000,6,123.22,28.27373,-98.27403,35.7696,28.5913,15.2346,0.02788,S
0,1941,2,3200,2013,15.5,7.3,0,0,1995,21,113.15,28.20103,-98.33525,32.9759,28.6694,15.1493,0.02772,S
0,1940,2,1150,2010,12.2,14.9,0,0,1995,44,181.78,28.19302,-98.33495,32.9219,28.6787,15.1494,0.02771,U
0,1967,2,2170,2013,7.3,7.9,13.2,14,2014,35,109.81,28.37391,-98.28404,35.4471,28.4724,15.385,0.02797,S
0,1968,2,90,2013,6.1,7,10.4,11,0,44,75.6,29.12572,-99.13562,36.6012,27.8324,14.3735,0.02363,S
0,1968,2,90,2013,6.1,9.8,10.4,11,0,44,105.84,29.11372,-99.12169,36.6076,27.8734,14.3955,0.02371,S
0,2006,3,910,2013,9.1,8.8,17.1,18,0,25,158.4,29.11128,-98.57006,39.6,27.6068,14.6448,0.02499,S
0,1963,2,1460,2013,6.1,13.1,9.8,10,0,31,133.62,29.08276,-98.58491,39.1565,27.783,14.5978,0.02512,S
1,1990,2,1900,2015,9.8,16.2,9.6,10,0,0,168.48,29.22219,-99.09346,38.3398,27.5638,14.1997,0.02331,S
1,1928,2,9680,2013,12.2,10.1,12.2,13,1952,25,129.28,29.11021,-99.47585,33.2319,28.0025,14.4106,0.02295,U
0,1961,2,1020,2013,12.5,10.1,12.2,15,0,25,151.5,29.20305,-99.56357,33.0838,27.7781,14.0786,0.02239,U
0,1965,2,4350,2013,11.6,19.8,11.8,12,0,24,237.6,29.14013,-97.58139,53.2549,27.2083,14.374,0.02887,S
0,1970,2,500,2014,6.4,15.5,10.7,11,0,20,172.05,29.16333,-97.52303,55.2503,27.2648,14.4478,0.0291,U
0,1971,2,450,2013,8.5,8.5,9,11,0,10,91.8,29.01465,-98.15096,38.0703,27.8293,14.5771,0.02649,S
0,1931,2,5720,2013,13.4,14.3,14.2,16,1992,23,223.08,28.1229,-97.43131,48.7747,27.4037,16.4799,0.02684,U
1,1955,2,4100,2015,6.7,6.7,13.4,15,0,1,99.83,28.23448,-97.44117,49.6519,27.4927,16.2336,0.02708,S
1,1949,2,8530,2013,12.8,17.7,13,17,1968,8,304.44,27.44475,-98.04116,32.4501,28.6623,16.4109,0.02539,U
0,1931,4,7100,2013,23.2,16.2,0,0,1993,34,375.84,27.48313,-98.05018,32.8862,28.643,16.4198,0.02552,U
1,1999,3,3550,2013,11.6,11.9,17.5,18,0,34,216.58,27.4759,-98.04595,32.8645,28.6405,16.4249,0.0255,S
1,1999,2,4860,2013,11.6,14.3,11.8,12,0,34,178.75,27.45558,-98.0619,32.3459,28.6679,16.403,0.02543,S
0,1926,2,6470,2013,11.6,8.8,13.1,14,1962,23,121.44,27.30537,-98.06081,28.0361,28.9527,16.3123,0.02494,S
0,1926,2,6470,2013,11.6,10.7,12.1,13,1940,23,136.96,27.29029,-98.06229,27.4215,28.9861,16.3052,0.02489,U
0,1925,2,5330,2013,11.3,9.1,13,14,1964,9,125.58,27.46465,-97.59534,37.0279,27.8641,16.8197,0.02516,U
0,1940,2,55,2011,5.5,12.2,0,0,0,0,67.1,27.39004,-98.10143,30.3206,28.8213,16.3198,0.0252,U
1,1974,2,1050,2011,13.4,19.5,13.5,17,0,0,333.45,27.44404,-98.04572,32.3675,28.6679,16.4059,0.02539,U
0,1937,2,8540,2013,13.4,8.2,0,0,1989,31,109.88,28.46085,-97.54274,44.9287,27.6794,15.8011,0.02756,U
0,1950,2,1730,2013,7.3,6.7,7.3,9,0,10,59.63,28.51276,-97.54432,46.7153,27.6718,15.6454,0.02763,S
0,1932,2,4680,2013,12.2,6.4,0,0,1989,6,78.08,27.32288,-98.01283,29.8277,28.8555,16.3515,0.02501,U
0,1937,2,110,2013,12.2,39.9,12.8,13,1957,0,526.68,28.23365,-98.03523,39.8846,28.3564,15.726,0.02775,S
0,1981,8,14190,2013,41.5,6.7,0,0,0,20,278.05,28.30311,-98.09578,41.2133,28.5408,15.7275,0.02791,S
0,1994,4,9190,2013,23.2,10.7,0,0,0,34,248.24,28.09181,-98.06093,37.8902,28.2295,15.894,0.02746,S
0,1936,5,7100,2013,26.8,11,0,0,2008,31,294.8,28.20012,-98.03261,39.3094,28.3103,15.7027,0.02769,S
0,1932,2,6300,2013,11.6,9.8,0,0,1986,32,113.68,28.27086,-97.07144,58.5949,27.1229,16.4212,0.027,S
0,1970,2,60,2013,6.7,14.9,0,0,0,0,99.83,27.59258,-97.41309,37.7164,26.9808,17.6421,0.02521,S
0,2008,2,500,2009,9.4,9.1,0,0,0,5,85.54,28.04147,-97.32034,49.2526,27.2079,16.8326,0.02648,S
0,1979,4,12740,2013,23.2,7,0,0,1991,27,162.4,28.01421,-97.31512,48.9939,27.157,17.0464,0.02638,S
0,1971,2,160,2013,5.8,6.7,11,11,0,8,76.38,28.0602,-97.36224,48.9165,27.2991,16.6558,0.0266,S
0,2016,2,200,2011,4.9,12.6,0,0,0,0,61.74,28.03001,-97.32466,48.9722,27.1981,16.9043,0.02645,U
0,1962,2,640,2013,8.5,9.1,17.7,18,1986,10,164.71,30.4643,-96.22069,86.0032,26.0624,14.0329,0.03664,S
0,2005,3,5150,2010,19.2,6.7,0,0,0,14,128.64,30.33112,-96.15567,88.6826,26.2132,13.8836,0.03637,S
1,1964,3,7000,2013,11,9.1,16,21,0,3,192.01,30.39284,-96.24126,86.4709,26.2369,13.725,0.03625,U
1,1996,2,3370,2013,11.6,7.6,0,0,0,11,88.16,30.3721,-96.25506,86.329,26.2301,13.7562,0.03611,S
0,1992,2,350,2015,7.3,18.6,0,17,0,0,319.92,30.55415,-96.15556,86.853,26.2163,13.7861,0.03736,U
1,1965,2,1100,2015,9.8,10.4,9.8,13,0,0,131.04,30.411,-96.21138,87.0103,26.2308,13.6559,0.03646,U
1,1999,2,1000,2015,11.6,10.4,0,0,0,0,120.64,30.39162,-96.17509,88.0438,26.2472,13.6685,0.03654,S
1,2012,2,500,2013,11,7,10.9,25,0,1,177.1,30.40473,-96.19097,87.5449,26.24,13.643,0.03653,S
1,1998,2,1500,2015,11.6,10.1,11.6,19,0,0,187.86,30.34157,-96.16396,88.5749,26.219,13.8605,0.03638,U
0,1936,5,7700,2014,27.4,8.8,0,0,2007,12,241.12,30.27126,-96.47133,78.7425,26.0937,14.1259,0.03486,U
0,1964,2,960,2013,8.8,7.9,9.2,18,2018,11,145.36,30.26387,-96.4603,79.6814,26.0862,14.1562,0.03489,S
0,1959,2,460,2013,7.3,14.9,13.4,14,0,12,205.62,30.34099,-96.54277,75.0717,26.2089,13.8216,0.03474,S
0,1971,2,490,2013,7.9,8.5,0,0,0,24,67.15,31.48368,-96.16147,75.7301,25.5273,12.9428,0.04375,S
0,1971,2,11720,2013,12.2,9.4,0,0,0,38,114.68,31.47544,-96.15189,76.0085,25.531,12.9335,0.04374,U
0,1959,2,230,2013,7.3,6.4,0,0,0,9,46.72,30.29227,-96.05197,89.7833,26.1696,13.9198,0.03668,S
0,1987,2,1870,2013,7.9,11,8.2,20,0,9,217.8,30.29197,-95.58558,97.0883,25.9275,14.1459,0.03883,U
0,1944,2,4240,2013,7.9,10.1,12.8,14,0,9,137.36,31.14392,-96.04167,84.1906,25.5645,13.161,0.04164,U
0,1974,2,520,2013,7.3,22.9,0,0,0,13,167.17,31.07197,-96.14561,83.5214,25.6073,13.3405,0.04052,U
0,1969,2,380,2013,6.7,18.3,7.9,8,0,28,151.89,31.27113,-96.04439,80.6273,25.4633,12.7995,0.04262,U
0,1974,2,740,2013,6.7,26.2,0,0,0,10,175.54,31.10367,-96.16147,82.1113,25.594,13.1913,0.04068,U
0,2010,2,190,2016,6.4,8.5,0,0,0,0,54.4,31.27259,-96.01205,81.708,25.449,12.7464,0.04281,S
0,1963,2,5140,2013,11.9,19.2,0,0,1981,16,228.48,30.55053,-96.04546,90.0147,26.1333,13.9657,0.03786,U
0,1932,2,3700,2013,9.1,6.4,9.1,13,1988,4,85.76,30.51297,-95.56391,99.3738,25.8451,13.9501,0.04004,U
0,1965,2,630,2013,7.6,7.9,7.6,8,0,26,65.57,31.04552,-95.57281,97.7455,25.5571,12.747,0.04335,S
0,1957,2,870,2011,7.9,14,0,0,1993,0,110.6,31.00433,-95.5046,100.113,25.5702,12.6802,0.04342,S
0,1922,2,2420,2013,8.5,6.7,0,0,1971,5,56.95,30.38349,-97.00178,65.91,26.0963,13.791,0.03251,U
0,1954,2,150,2013,7.3,8.8,7.4,10,0,18,89.76,30.57024,-97.05366,65.485,25.9369,13.6128,0.0326,U
0,1959,2,910,2013,8.5,7.9,0,0,0,15,67.15,30.53011,-97.00155,66.2827,25.9554,13.6765,0.03283,U
0,1957,2,370,2013,7.3,10.7,0,0,0,21,78.11,30.55242,-96.52542,80.9629,25.9602,14.2332,0.03553,S
0,1951,2,390,2011,7.9,10.4,7.6,8,0,0,86.32,31.08442,-96.42368,75.7364,25.6854,13.4858,0.03907,U
1,1977,4,8010,2013,15.5,13.4,0,0,0,4,207.7,30.44433,-95.32561,102.015,25.6555,13.7579,0.04089,S
1,1959,4,31620,2013,25.6,7.9,0,0,0,23,202.24,30.41148,-95.32265,101.447,25.6765,13.8089,0.04074,U
0,1930,2,2560,2013,7.3,12.5,7.9,9,1966,5,107.5,30.08351,-96.27093,85.082,26.2347,14.1902,0.03512,U
0,1958,2,410,2013,7.3,6.7,0,0,0,12,48.91,30.1852,-96.16407,88.1558,26.3374,14.0535,0.03582,S
1,1989,6,45050,2013,23.2,14.6,23.2,61,0,6,886.22,33.04062,-96.4746,61.6922,24.3365,12.1342,0.06354,S
1,1955,6,27110,2013,24.4,16.2,0,0,2000,5,395.28,33.07463,-96.48183,61.531,24.321,12.1546,0.06452,S
1,2013,6,2000,2010,21.9,7.6,21.9,46,0,10,352.64,33.1112,-96.481,60.9085,24.3146,12.1817,0.06564,S
1,1996,5,25820,2013,19.8,18,19.9,40,2015,8,712.8,33.13084,-96.47102,60.3399,24.3154,12.2,0.06634,S
0,1949,2,1050,2013,7,11.6,10.4,110,0,4,1276,33.05187,-96.20107,64.3242,24.1025,11.7889,0.06485,S
0,1955,2,590,2013,7.3,8.2,0,0,0,9,59.86,33.15322,-96.25453,61.782,24.0559,11.873,0.06768,U
0,1953,2,1570,2013,6.1,6.7,7.5,9,0,6,59.63,33.13416,-96.32441,59.0114,24.1382,12.005,0.06694,S
1,1979,2,430,2011,7.9,9.4,7.9,11,0,0,105.28,33.02216,-96.45295,61.3019,24.3422,12.1522,0.0631,S
1,2005,2,200,2011,9.4,19.8,9.4,16,0,0,314.82,33.05277,-96.48097,61.6518,24.3302,12.1375,0.06387,S
1,1999,3,1000,2011,11,11.6,0,0,0,0,127.6,33.12173,-96.39193,58.8447,24.2394,12.1069,0.06632,S
1,1997,4,5000,2011,21.6,13.4,0,0,0,0,289.44,33.05086,-96.38417,61.2317,24.2293,12.0442,0.06422,S
1,1999,5,12000,2011,17.1,19.5,0,0,0,2,333.45,33.05102,-96.43547,61.4802,24.3058,12.1261,0.06403,U
1,1998,2,300,2011,11,7,0,0,0,0,77,33.07138,-96.49519,61.6119,24.3122,12.1368,0.06437,S
1,1998,4,5000,2011,14.6,7.9,0,0,0,0,115.34,33.07506,-96.46498,61.4403,24.3346,12.1744,0.06461,S
1,2005,2,1000,2011,7.3,6.1,0,0,0,1,44.53,33.07599,-96.44004,61.1604,24.31,12.1566,0.06474,S
1,1932,6,17260,2013,21.6,6.7,0,0,1980,5,144.72,32.45003,-96.55142,68.9569,24.8536,12.3235,0.05028,U
1,1968,5,93220,2015,31.7,6.7,0,0,2016,7,212.39,32.51419,-96.56131,67.826,24.8845,12.3028,0.05115,S
1,1923,6,17410,2013,20.1,10.4,0,0,1971,9,209.04,32.45448,-96.39099,70.4104,24.6518,12.2944,0.05141,U
1,1965,2,4830,2013,9.8,6.7,0,0,0,8,65.66,32.40558,-96.49209,69.8715,24.8238,12.3236,0.05008,U
1,1965,10,185610,2013,68.3,7.3,0,0,0,10,498.59,32.43068,-96.494,69.8485,24.8194,12.3284,0.05042,U
1,1957,4,27130,2013,20.7,12.2,0,0,1981,0,252.54,32.40099,-96.59072,70.0696,24.8326,12.3267,0.0493,U
1,1969,2,2700,2011,7.6,6.4,10.7,15,0,0,97.28,32.39094,-96.59172,70.5349,24.8371,12.3173,0.04915,U
1,1960,2,8000,2011,12.2,11.3,12.1,16,0,0,178.54,32.45333,-96.50556,69.638,24.8259,12.3146,0.05066,U
1,1957,4,10000,2011,18.3,7,0,0,0,0,128.1,32.50247,-96.4113,69.9168,24.6286,12.235,0.05199,S
1,1985,7,20260,2011,18.3,15.9,0,0,1996,0,290.97,32.43262,-96.51249,69.6571,24.8308,12.3328,0.05032,U
1,1974,6,14490,2011,20.1,28.3,0,0,0,0,568.83,32.54281,-96.47119,68.0545,24.63,12.2028,0.05224,S
1,1960,2,1500,2011,6.1,7.6,0,0,2001,0,46.36,32.49086,-96.49128,69.3231,24.7569,12.1919,0.05128,U
1,1966,2,2895,2011,7,10.1,0,0,0,0,70.7,32.52262,-96.5434,67.8094,24.8458,12.3114,0.05142,S
1,1975,4,6490,2011,12.2,11.3,0,0,0,0,137.86,32.58274,-96.46428,66.6027,24.5721,12.2771,0.05291,S
1,2000,4,7500,2011,16.5,6.4,0,0,2009,2,105.6,32.41345,-96.57478,69.5494,24.8237,12.3369,0.04959,S
1,1971,2,5157,2011,6.1,28,11,15,0,0,408.8,32.53524,-96.53452,67.6104,24.8045,12.3365,0.05169,S
1,1975,2,1920,2011,11,13.7,0,0,0,0,150.7,32.53108,-96.53461,67.712,24.8103,12.3238,0.05162,S
1,1945,2,650,2011,7.9,6.7,13.4,14,1987,0,92.46,32.38185,-96.35272,70.0874,24.7286,12.3711,0.05064,U
1,1980,2,2000,2017,14.6,9.4,14.6,37,0,1,344.04,32.56173,-96.38241,69.0611,24.5041,12.0832,0.0531,U
1,1961,8,6000,2011,27.7,7.3,0,0,0,0,202.21,32.4603,-96.36217,70.5664,24.6058,12.3022,0.05166,U
1,1978,4,6500,2009,13.4,16.5,0,0,0,0,221.1,32.53195,-96.58495,67.3397,24.9042,12.3416,0.05126,S
1,1965,2,1586,2011,9.1,7.9,9.1,15,0,0,120.08,32.50237,-96.57485,67.8886,24.9159,12.2991,0.05086,S
1,1977,6,15310,2011,20.1,6.7,0,0,1985,0,134.67,32.56429,-96.42078,67.8898,24.5661,12.1914,0.05291,U
1,2017,2,3010,2011,11,14.9,11,18,0,0,272.67,32.58146,-96.44508,66.8887,24.5653,12.2461,0.05302,S
1,1960,2,5000,2011,11,9.8,11,18,1980,0,173.46,32.56244,-96.43373,67.7759,24.5753,12.1951,0.0528,U
1,2004,2,100,2011,7.3,7.9,0,0,0,5,57.67,32.46097,-96.58538,68.228,24.868,12.3458,0.05017,S
1,1983,4,3370,2011,14.6,9.4,0,0,0,0,137.24,32.55413,-96.54358,67.0252,24.7879,12.3873,0.05192,U
1,1983,2,1500,2011,12.8,6.7,13,22,0,5,146.73,32.55592,-96.54346,66.976,24.7825,12.39,0.05195,U
1,1996,4,210,2011,12.2,6.7,0,0,0,0,81.74,32.56167,-96.495,67.142,24.6271,12.3224,0.05237,U
1,1970,2,2100,2011,9.1,9.8,0,0,0,0,89.18,32.36574,-96.4028,69.7514,24.8204,12.3029,0.05014,U
1,1993,7,30000,2011,20.7,8.8,0,0,2017,0,182.16,32.56238,-96.59362,66.6026,24.8354,12.3923,0.05169,S
0,1958,2,100,2013,8.5,16.2,0,0,0,19,137.7,33.25053,-97.10344,49.3179,24.3379,12.0738,0.06804,U
0,2000,2,5070,2008,14,19.2,14.3,21,0,10,397.44,33.06018,-97.13093,51.0385,24.5035,12.3556,0.06069,S
0,1962,2,710,2013,7.6,18.6,7.9,14,0,37,267.84,33.13596,-97.21136,47.6538,24.389,11.944,0.063,U
0,1970,2,5680,2013,7.3,9.8,7.3,11,0,10,109.76,33.15214,-96.56272,61.7842,24.272,12.0502,0.06665,U
1,1960,2,1463,2013,8.8,9.1,8.8,16,0,0,143.78,33.13196,-97.0806,50.3899,24.5296,12.4903,0.06344,S
1,1991,4,14317,2016,14.6,14,14.6,19,0,0,267.4,33.11506,-97.06415,50.5469,24.5376,12.5102,0.06286,U
1,1967,2,4244,2010,11.6,8.2,11.6,14,1987,0,117.26,33.14497,-97.07201,50.271,24.5039,12.4529,0.06396,U
1,2011,4,10691,2017,20.4,11,0,0,0,7,224.4,33.05477,-96.5257,61.5757,24.3137,12.1055,0.06373,S
1,2003,6,16500,2013,20.1,14.6,0,0,0,0,293.46,33.04313,-96.52348,61.5948,24.3132,12.1046,0.06339,U
0,1990,2,100,2010,12.2,11,0,0,2004,0,134.2,33.00229,-97.15418,51.8137,24.5984,12.4939,0.05859,U
0,2010,4,34700,2008,14.6,10.4,0,0,0,38,151.84,32.16091,-96.52154,66.9058,24.9025,12.5015,0.04704,S
0,1955,2,4790,2013,13.4,7,0,0,1971,24,93.8,32.17571,-96.38299,71.0184,24.8796,12.6595,0.04816,S
1,1975,2,4550,2013,12.2,7,0,0,0,5,85.4,32.3204,-96.41571,69.3115,24.8772,12.3365,0.04951,U
1,1989,2,52,2015,4.3,9.8,6.7,7,0,0,70.56,32.32379,-97.05072,52.8292,24.8632,12.4743,0.04471,S
1,1923,4,12098,2015,20.7,13.1,20.6,27,1962,5,357.63,32.44022,-96.15302,73.1543,24.7091,12.2244,0.05264,U
0,1938,2,3121,2015,12.8,8.2,12.8,15,1958,5,119.72,32.26105,-96.13369,72.2585,24.9169,12.3339,0.05065,U
1,1965,2,21330,2013,12.2,15.5,0,0,0,15,189.1,32.41585,-96.16137,72.8725,24.7497,12.3337,0.05226,U
1,1987,1,23340,2008,6.7,27.7,6.4,15,0,15,407.19,32.42385,-96.17528,72.6461,24.7355,12.3149,0.05228,S
0,1957,2,1678,2015,8.5,12.8,0,0,0,24,108.8,32.34047,-96.25117,70.9322,24.7206,12.3749,0.05078,U
0,1971,2,5745,2015,9.1,9.1,8.6,14,0,14,125.58,32.35368,-96.25448,70.9208,24.7029,12.368,0.05091,S
0,1958,2,400,2013,7.6,7,7.6,10,0,22,73.5,32.24185,-96.22071,71.5573,24.9831,12.5873,0.04989,U
0,1951,2,3630,2013,8.5,9.4,0,0,0,5,79.9,32.40008,-96.21174,71.8639,24.7592,12.4066,0.05174,U
0,1980,2,2910,2013,7.3,9.4,13.4,17,0,5,156.04,32.39066,-96.20151,71.986,24.7791,12.4378,0.05167,S
0,1958,2,2180,2013,8.5,7,0,0,0,5,59.5,32.37108,-96.3044,70.3548,24.6935,12.4121,0.05081,S
0,1979,2,866,2015,9.1,10.1,0,0,2017,6,91.91,32.3042,-96.17539,72.1958,24.8117,12.3654,0.05083,S
0,1979,2,866,2015,9.1,16.5,9.2,17,2017,6,277.2,32.29362,-96.15449,72.4247,24.8089,12.2508,0.05085,S
0,1990,2,591,2015,7.3,9.8,7.3,15,0,24,147,32.21487,-96.19023,71.5064,24.9785,12.5476,0.04982,S
0,2004,2,52,2011,4.3,13.1,8.5,11,0,0,141.48,32.30113,-96.2404,71.1951,24.8078,12.4358,0.05038,S
0,1988,2,402,2011,5.5,14.9,7.2,8,0,0,117.71,32.2209,-96.07261,72.1406,24.9987,12.5872,0.05064,S
1,2008,2,7180,2013,9.1,7.3,13.4,14,0,7,102.2,32.05017,-96.2751,72.2343,24.7537,13.0004,0.04774,S
0,1931,4,6550,2013,23.2,6.7,0,0,2001,16,155.44,32.08228,-96.11056,70.6824,24.653,12.8571,0.04909,U
0,1959,2,550,2013,6.1,10.7,6.1,14,0,7,147.66,32.0312,-96.46541,67.0928,24.9196,12.7204,0.04627,S
0,1950,2,300,2013,7.3,6.7,0,0,1964,22,48.91,32.0446,-96.15035,71.5604,24.7459,12.8915,0.0485,U
0,1972,2,290,2013,7.3,7.9,7.3,11,0,22,85.32,31.56377,-96.30045,70.4016,25.399,12.7973,0.04358,S
1,1974,2,72,2011,7.3,6.7,7.6,9,0,0,58.29,32.50592,-96.29095,71.9022,24.5263,12.1364,0.05274,U
0,1947,2,5560,2013,13.4,7.3,0,0,0,15,97.82,33.23138,-94.11588,91.9651,23.9825,11.0404,0.0781,S
0,1955,2,1590,2013,12.2,10.1,14.4,15,0,7,151.5,33.261,-94.2656,87.799,23.9513,11.0602,0.07671,S
0,1967,6,3090,2013,37.8,6.7,0,0,1986,43,253.26,33.28063,-94.20184,89.9861,23.9353,11.0344,0.07785,U
1,2004,3,6420,2011,14.6,10.7,14.6,26,2010,3,283.55,33.27083,-94.064,92.3417,24.0252,10.7838,0.07965,S
0,1991,2,420,2013,7.3,29.6,0,0,0,17,216.08,33.2956,-94.15319,90.887,23.944,10.9518,0.0788,S
0,1955,2,200,2013,6.7,16.2,8.7,10,0,12,165.24,33.23399,-94.25386,89.2343,23.966,11.2071,0.07638,U
1,2004,10,12140,2013,54.9,12.5,0,0,0,13,686.25,33.23214,-94.05428,92.7586,24.0438,10.8109,0.07899,S
0,1991,3,2070,2013,15.9,7.9,15.6,33,0,31,258.33,32.5909,-94.57597,99.5025,24.5434,12.0315,0.06508,U
0,1986,2,2340,2013,7.3,9.4,0,0,0,5,68.62,33.00359,-94.5904,87.9014,24.2568,11.619,0.06966,U
0,1955,5,11420,2013,25.6,23.2,0,0,2000,40,593.92,33.02007,-94.19147,95.1686,24.2529,11.3321,0.0736,U
0,1951,2,220,2013,7.6,7.9,7.6,9,0,13,70.31,33.03566,-94.25183,94.5736,24.2477,11.3163,0.07319,U
0,1955,2,350,2013,6.1,7,11,11,0,17,79.8,33.04143,-94.36597,94.3173,24.0139,11.4361,0.07214,U
0,1935,2,6720,2013,12.2,17.1,12.5,14,1960,8,246.24,32.31507,-94.17118,107.33,24.447,12.2808,0.06537,U
0,1957,2,1270,2013,8.2,12.8,8.1,18,2013,14,224,32.40255,-94.32037,102.97,24.4632,11.8693,0.06518,S
0,1934,2,2610,2013,7.6,10.1,9.5,12,0,20,123.22,32.36205,-94.1354,107.503,24.3905,12.208,0.06603,S
0,1932,2,2430,2013,8.5,11,0,0,0,10,93.5,32.40385,-94.35579,101.921,24.4861,11.8473,0.06496,S
0,1965,2,16060,2013,11.6,13.2,12.1,18,0,38,237.6,32.29167,-94.26403,106.761,24.6435,11.7526,0.06455,U
0,1936,6,32200,2013,35.4,11,0,0,1985,38,389.4,32.29102,-94.07278,109.489,24.4952,12.1018,0.06571,U
0,1962,2,560,2013,8.5,16.5,10.8,13,0,16,217.8,32.43071,-94.16059,106.622,24.2823,12.2735,0.06654,U
0,1942,2,2420,2013,8.5,8.2,9.3,12,0,14,98.4,32.27598,-94.15431,108.358,24.4914,12.1964,0.0651,S
0,1984,2,1130,2013,7.9,9.8,0,0,0,14,77.42,32.2937,-94.28072,106.467,24.655,11.6719,0.06445,U
1,1995,4,3630,2013,13.4,16.5,0,0,0,14,221.1,32.32279,-94.17449,107.16,24.4517,12.2572,0.06542,S
1,1995,2,4570,2013,13.4,12.5,0,0,0,14,167.5,32.3301,-94.17588,107.013,24.4534,12.241,0.06548,S
0,1994,2,252,2013,5.5,8.2,7.2,8,0,0,64.78,32.36146,-94.09326,108.826,24.426,12.2073,0.06628,S
0,1932,2,20,2013,6.1,6.7,9.1,10,0,0,65.66,32.37124,-94.30295,104.228,24.5102,11.9434,0.06501,U
1,1977,2,2465,2013,11,6.7,10.9,15,0,0,101.84,32.31437,-94.22169,106.853,24.5273,12.0951,0.06503,U
0,1966,2,1200,2013,13.4,10.1,14.9,16,0,20,157.56,32.45115,-94.11172,108.325,24.3657,12.2529,0.06707,S
0,1950,2,1220,2013,7.9,8.2,11.6,14,1970,11,113.16,32.51384,-94.39414,99.9413,24.4379,12.2527,0.06574,S
0,1959,2,1220,2013,12.8,10.1,0,0,0,11,129.28,32.52456,-94.40421,99.857,24.4429,12.2388,0.06576,U
0,2005,2,79,2013,7.3,9.8,7.3,8,0,0,77.42,32.5155,-94.26547,101.728,24.3637,12.2679,0.06668,S
0,1969,2,870,2013,12.8,19.8,0,0,0,15,253.44,33.14055,-94.43579,88.887,23.9461,11.4524,0.07294,S
0,1955,4,13200,2013,23.2,22.6,0,0,1995,19,524.32,32.02149,-94.16527,112.943,24.8045,11.6427,0.0626,U
0,1933,2,350,2013,7.3,8.5,0,12,0,20,106.25,32.21162,-94.27252,109.089,24.7163,11.7382,0.06377,U
0,1985,2,2070,2013,8.5,11.6,0,0,0,9,98.6,33.06511,-95.03037,80.7411,24.268,11.3208,0.06747,S
0,1998,2,77,2013,4.3,12.5,7,8,0,0,97.5,33.12368,-95.07172,79.7001,24.2151,11.2931,0.06816,S
0,2013,2,46,2013,4.9,9.8,7.5,8,0,0,80.36,33.17123,-94.56216,84.5988,24.0703,11.3035,0.07223,S
0,1942,4,8580,2013,21.9,11.9,0,0,2009,12,260.61,32.50131,-94.43349,99.6386,24.4605,12.1034,0.06532,S
0,2009,6,6000,2011,23.2,14.3,0,0,0,15,331.76,32.50406,-94.43453,99.6348,24.4624,12.1077,0.06533,U
0,1934,2,1630,2013,10.4,11,0,0,2002,10,114.4,32.42231,-94.52115,98.3077,24.516,11.9207,0.06394,S
0,1950,2,1210,2013,7.3,7.9,8.3,11,0,14,85.32,32.36557,-95.05473,87.9072,24.6141,12.2938,0.05946,U
0,1961,2,460,2013,7.6,8.5,0,0,0,16,64.6,32.43206,-95.05074,85.5602,24.4818,11.9964,0.06008,U
0,1959,2,4210,2013,11.6,6.7,14,14,0,7,96.48,30.07457,-94.24132,119.145,25.7474,14.4985,0.0437,S
0,1939,2,3800,2013,12.8,10.4,14,14,1964,9,149.76,30.284,-94.11189,120.303,25.7726,13.8917,0.04595,S
1,1967,2,6110,2013,12.8,7.9,0,0,0,8,101.12,30.21314,-94.09596,123.836,25.7842,14.1635,0.04543,U
0,1991,2,550,2015,5.5,7.9,8.7,18,0,0,140.62,30.24338,-94.11315,122.728,25.7739,14.0098,0.0456,S
0,1935,2,1360,2015,6.7,7.9,13.4,14,0,0,109.81,30.21152,-94.07195,123.936,25.7656,14.1951,0.04553,U
1,1992,2,100,2015,7,15.2,0,0,0,0,106.4,30.13289,-94.1223,124.94,25.7637,14.3778,0.04466,U
0,1966,2,100,2013,7,7.9,11,11,0,15,90.06,30.58037,-94.03546,124.467,25.9131,13.1793,0.04883,S
0,1971,4,6700,2011,23.2,13.7,0,0,0,0,317.84,30.01598,-94.2618,118.981,25.7009,14.6032,0.04318,U
1,1987,2,4410,2013,12.2,6.7,0,0,0,24,81.74,30.20447,-95.05383,101.138,25.8004,14.534,0.04096,U
0,1932,2,2750,2013,13.4,6.4,0,0,1985,15,85.76,30.5714,-94.24487,118.195,25.9145,13.0013,0.04762,U
0,1971,2,300,2013,6.1,15.9,7.9,9,0,35,136.74,27.1455,-98.10145,25.6886,29.063,16.3209,0.02436,U
0,1992,2,280,2013,10.4,24.1,10.4,11,0,1,269.92,27.15104,-98.07095,25.9635,29.0583,16.3231,0.0244,S
0,2001,2,830,2013,8.5,9.4,11,13,0,4,120.32,27.13091,-98.08206,26.1378,29.0754,16.3358,0.02432,S
0,1950,2,510,2010,6.1,7,9.1,10,0,1,66.5,27.14196,-98.09199,25.8263,29.0666,16.3257,0.02435,S
1,2003,2,1125,2010,7.3,7,0,0,0,2,51.1,26.11343,-97.4558,34.398,28.4642,18.2478,0.02018,U
1,1989,2,1110,2010,6.1,6.7,0,0,0,4,40.87,26.19126,-98.12582,26.6902,29.5126,17.7144,0.01886,S
0,1971,4,10300,2013,22.9,10.1,23,29,0,2,289.87,27.18156,-98.40429,28.7325,28.9048,16.1578,0.02409,S
0,1964,2,190,2013,6.1,10.4,6.1,12,0,9,125.84,26.56113,-98.57076,24.9984,29.8047,16.7545,0.02025,S
0,1971,2,220,2013,8.5,6.4,11,12,0,25,78.72,26.41188,-98.44247,23.3734,29.7716,17.1538,0.01959,S
0,1985,2,420,2013,8.5,8.5,0,0,0,25,72.25,26.30075,-98.52338,24.9572,29.9435,17.3234,0.01824,S
0,1984,2,20,2010,3.7,7,11.6,12,0,0,85.4,26.25211,-97.44082,32.8809,28.1936,18.456,0.02102,U
0,1958,2,720,2013,12.2,10.7,12.6,13,0,36,141.24,27.05259,-98.58237,31.1513,29.2531,16.2626,0.02308,S
0,1972,2,4300,2013,8.5,7,14.6,15,0,7,105,28.18446,-99.28048,29.139,29.1421,15.6672,0.02481,S
0,1966,2,720,2013,7.9,11.6,11,11,0,11,132.24,28.3711,-99.56315,27.2488,29.4744,15.6423,0.02407,U
0,1927,3,1450,2013,12.2,16.2,28.3,37,1960,18,602.64,27.35431,-98.25106,28.3759,28.8544,16.2293,0.02495,S
0,1925,2,2800,2018,11.6,7.6,0,17,1958,18,130.72,27.41442,-98.17565,29.9118,28.8052,16.2784,0.02524,U
0,2010,2,2790,2013,12.8,24.1,13,16,0,21,373.55,27.58265,-98.36256,26.9077,28.843,16.0823,0.02565,S
0,1964,2,1460,2013,11,11.9,11,12,0,29,146.37,27.4555,-98.37145,28.3856,28.8108,16.1347,0.02517,S
0,1954,2,2490,2018,12.2,7,12.5,13,0,32,92.4,27.59276,-98.28363,28.8377,28.8221,16.1333,0.02578,S
0,1938,2,520,2013,10.1,10.4,17.1,18,2000,18,182,27.43067,-98.31038,28.9086,28.8189,16.1914,0.02517,U
0,1947,2,380,2013,7.9,11.9,8.2,9,0,5,105.91,27.28472,-98.15566,26.2449,28.976,16.2939,0.02482,S
0,1960,2,250,2018,9.4,7.9,12.8,13,0,1,104.28,27.52511,-98.36211,27.543,28.8391,16.1107,0.02544,U
0,1929,2,4185,2016,12.8,7,12.8,20,1960,18,139.3,29.21051,-100.35175,25.2723,27.7562,14.4686,0.0248,S
0,1930,2,209,2013,8.2,9.8,9.4,11,1978,3,106.82,29.18542,-100.25089,27.2507,27.5512,14.2431,0.02481,U
0,1971,8,16110,2013,36.6,8.8,0,0,0,23,322.08,28.25555,-99.15038,28.8368,28.9042,15.1534,0.0254,S
0,1935,1,1024,2013,6.7,8.1,4.1,5,0,48,38.07,28.29352,-98.58141,27.1048,28.6704,15.2011,0.02745,U
0,1988,2,1200,2013,8.5,6.7,8.4,10,0,10,69.68,28.51276,-100.19032,24.6444,28.6989,14.9994,0.02701,S
1,1970,2,400,2012,10.7,9.4,12.2,16,2010,3,150.4,28.43215,-100.29362,23.8454,28.7627,15.2078,0.02683,S
1,1984,2,746,2013,11,7.3,11,17,0,0,127.02,28.4215,-100.29543,23.9207,28.7768,15.2171,0.02682,U
0,1937,2,4592,2016,14,20.7,14.5,15,1973,17,314.64,29.23008,-100.45157,24.3073,27.7461,14.574,0.02479,S
0,1967,2,810,2013,12.2,19.8,12.7,14,0,21,273.24,29.53275,-100.46275,24.1535,26.6023,13.2243,0.02396,U
0,1982,2,197,2017,7.3,14,7.3,17,0,24,240.8,30.00535,-101.10005,21.7478,26.7365,12.2341,0.02691,U
0,2012,4,410,2013,21.3,14.6,0,0,0,1,310.98,29.26392,-100.54419,24.0626,27.6315,14.6421,0.02472,S
0,1990,2,2000,2016,11.6,9.8,12.6,14,0,0,137.2,29.21277,-100.55097,24.2626,27.7811,14.755,0.02486,S
0,1930,2,1950,2016,5.5,6.4,7.5,8,0,0,53.12,29.21556,-100.53226,24.3182,27.7982,14.7482,0.02485,U
0,1922,8,16930,2013,47.2,7,0,0,2000,25,330.4,27.49358,-99.24397,25.8705,29.363,16.5444,0.02242,U
0,1958,8,16930,2013,38.7,13.1,40.5,78,1982,25,1025.73,27.51135,-99.24127,25.9008,29.3199,16.4875,0.02252,S
0,1982,2,60,2013,6.7,20.1,8.5,9,0,23,182.91,27.47141,-99.25226,25.8229,29.3926,16.5877,0.02226,S
0,1933,2,7410,2013,13.4,7,15.4,16,1965,19,110.6,28.05551,-99.3434,29.9192,29.2152,15.5987,0.02421,S
0,1929,2,3300,2013,13.4,13.4,13.3,14,1956,11,184.92,27.2727,-99.0154,27.526,28.7927,15.9981,0.02248,U
0,2012,2,50,2013,5.5,19.5,7.2,8,0,0,156,27.29438,-99.13225,26.5391,29.2723,16.4329,0.02202,S
1,1985,2,2500,2012,9.1,19.8,9.1,16,0,0,306.9,27.28565,-99.27552,25.6617,29.6579,16.8217,0.02118,S
1,1975,2,534,2013,11,9.4,11,14,0,0,133.48,27.31244,-99.30057,25.5793,29.6694,16.8415,0.02117,S
1,1988,2,7828,2013,12.8,18.9,13.3,17,0,0,319.41,27.36335,-99.30083,25.5968,29.5481,16.7425,0.02144,U
1,1947,3,7760,2013,15.9,10.4,15.4,17,1959,22,175.76,28.43105,-99.50098,28.505,29.297,15.4224,0.0243,S
0,1969,3,4310,2013,17.7,6.7,0,0,0,8,118.59,28.5546,-99.46243,29.6196,28.9005,15.2268,0.02443,S
0,1983,2,1170,2013,9.8,7,14.1,15,2003,10,103.6,29.03172,-100.05134,28.2838,28.3719,14.9839,0.02506,S
0,1930,4,4460,2013,23.2,6.7,23.2,41,1991,11,273.36,31.48084,-98.48496,38.4061,24.8607,12.0721,0.02913,S
0,1956,2,310,2013,7.9,22.9,8.8,10,0,7,219.84,31.52436,-99.10086,30.3871,25.6366,11.6298,0.02771,S
0,1974,2,870,2013,9.1,10.1,10.4,15,1988,10,153.52,31.42441,-98.56095,37.1665,24.972,12.2557,0.02855,S
0,1980,1,50,2017,4.9,8.2,5.6,6,0,0,50.84,31.49111,-99.11524,30.1923,25.6236,11.6754,0.02748,U
0,1940,2,50,2013,5.5,8.2,7.3,8,0,0,68.06,31.57136,-99.01083,32.929,25.5782,11.4715,0.02818,U
0,1925,2,50,2013,4.9,6.7,7.2,8,0,0,50.92,32.03102,-99.00195,28.8882,24.6092,10.8988,0.0316,U
0,1966,2,690,2013,12.2,11.6,0,0,1987,28,141.52,31.5143,-99.36416,28.5096,25.7037,11.5499,0.02719,S
0,1962,2,80,2013,6.1,7.9,9.8,10,0,17,80.58,31.31297,-99.34303,28.8757,25.6415,11.5818,0.02614,S
0,1956,2,70,2013,7.3,13.1,8.1,10,0,19,124.45,31.34,-99.25318,29.5004,25.5732,11.5772,0.02642,S
0,1963,2,1380,2013,11,10.1,15.9,16,0,16,163.62,32.03548,-99.12244,28.3019,24.808,10.8603,0.03128,S
1,1939,2,280,2013,8.5,7.6,11,12,0,5,88.16,31.49251,-99.25073,29.2953,25.7047,11.552,0.02723,U
0,1959,2,600,2013,9.8,10.4,10.3,11,0,10,112.32,31.55365,-98.19038,40.397,24.7447,11.7716,0.03067,S
0,1958,2,250,2013,6.1,7,9.1,10,0,3,66.5,32.07236,-98.40379,40.6493,24.4548,11.1728,0.03422,S
0,1969,6,27880,2013,37.5,10.4,0,0,0,19,390,32.22314,-98.5252,36.5466,24.6223,11.1905,0.03538,S
0,1959,2,100,2013,6.1,6.7,0,0,0,8,40.87,32.17377,-98.38159,40.4544,24.2306,11.1768,0.03545,S
0,1934,2,50,2013,4.9,11,8.5,9,0,0,100.1,32.16025,-98.42496,39.5311,24.4585,11.162,0.0351,U
0,1934,2,50,2013,4.9,10.4,8.6,9,0,0,94.64,32.16058,-98.43342,39.2763,24.512,11.164,0.03506,U
1,2015,2,50,2013,7.3,6.7,7.3,12,0,0,77.72,32.2322,-98.58279,35.1158,24.7372,11.2254,0.03524,S
1,1966,2,2660,2013,13.4,10.7,13.3,18,1996,13,189.39,31.04471,-98.10245,44.1051,25.3175,12.5394,0.0282,S
0,1996,2,2430,2013,12.2,6.7,0,0,0,11,81.74,31.05142,-98.09439,44.4364,25.3295,12.5636,0.02826,S
0,1960,2,360,2013,6.1,6.4,8.5,11,0,4,69.12,31.11137,-98.05516,45.7267,25.4317,12.7213,0.0287,S
0,1963,2,1880,2013,12.8,13.4,13,17,0,19,226.46,31.26319,-99.10057,30.8637,25.5325,11.6614,0.02632,U
0,1942,2,1450,2013,12.2,11.9,0,0,1977,16,145.18,31.09296,-99.162,31.0409,25.5563,11.5878,0.02536,S
0,2001,2,190,2013,6.1,17.7,7.4,8,0,12,139.83,31.08567,-99.34586,30.507,25.5432,11.4267,0.02504,S
0,1957,2,120,2013,6.1,10.1,0,0,0,7,61.61,31.19012,-99.11222,31.2097,25.5197,11.6299,0.02594,S
0,2003,2,50,2013,4.6,12.8,7.2,8,0,0,101.12,31.22432,-99.23323,30.5335,25.4308,11.5392,0.02587,S
0,1988,2,160,2013,6.1,14,9.2,13,0,12,180.6,31.06132,-98.32485,41.2195,25.3115,12.1374,0.02742,U
0,1939,2,3160,2013,11.6,7.3,0,0,0,16,84.68,31.1145,-98.42426,39.519,25.4316,12.3415,0.02735,S
0,1962,2,130,2013,6.1,7.9,10.4,11,0,3,85.32,30.58496,-98.3828,42.387,25.9551,12.7624,0.02553,S
0,2016,2,50,2016,6.1,8.5,7.3,10,0,2,83.3,31.13278,-98.52476,35.6585,25.5935,12.3064,0.02712,S
1,1930,2,820,2013,9.1,7.9,6.9,7,0,2,57.67,32.45269,-98.54315,34.1658,24.7055,11.3634,0.03838,U
0,1937,2,920,2013,11,10.4,19.5,20,2007,18,209.04,30.25112,-103.30002,11.4932,25.1485,7.94053,0.12773,S
0,1937,2,920,2013,11,10.7,19.5,20,2007,18,215.07,30.252,-103.29537,11.4745,25.172,7.94322,0.12767,S
0,1937,2,920,2013,11,25.6,11.4,11,1964,18,291.84,30.29022,-103.27206,11.6596,24.8258,7.70155,0.127,U
0,1975,9,11740,2013,55.5,13.1,0,0,0,37,727.05,31.02111,-104.50048,11.6684,25.1585,8.02731,0.13363,U
0,1931,2,20,2013,13.4,7.9,13.4,14,1952,44,110.6,31.03089,-104.37327,13.1255,24.4586,7.67561,0.1302,U
0,1974,4,10620,2013,23.2,8.2,0,0,0,62,190.24,31.02421,-104.42416,12.5099,24.6225,7.79768,0.13155,S
0,1974,4,10620,2013,23.2,9.1,0,0,0,62,211.12,31.03027,-104.38297,13.0213,24.4764,7.69182,0.13042,S
0,1937,2,4510,2013,10.4,7.9,17.1,18,1958,15,138.25,31.01566,-104.49494,11.693,25.1283,8.00047,0.13374,S
0,1957,2,9120,2013,12.2,20.7,12.1,13,0,37,264.96,31.04041,-104.59456,11.437,25.6208,8.34132,0.13522,U
0,1969,1,1460,2013,9.1,10.4,13.1,14,0,62,143.52,31.04583,-104.06092,14.0607,23.9667,9.0035,0.12342,S
0,1937,2,740,2013,12.8,10.1,15.2,16,1966,15,158.57,30.3737,-104.32529,12.9776,24.4233,6.8727,0.14452,S
0,1937,2,740,2013,13.4,25.9,19.5,20,2000,15,515.41,30.37296,-104.32432,12.9956,24.4147,6.86682,0.14446,S
0,1937,2,740,2013,13.4,7.9,14.6,15,1966,15,119.29,30.37081,-104.32162,13.0451,24.3911,6.85065,0.14428,S
0,1940,2,860,2013,9.8,12.2,13.4,14,0,17,168.36,30.4154,-103.47148,12.4726,24.8051,8.64159,0.12982,S
0,1933,2,820,2013,13.4,12.2,13.4,27,1970,15,324.52,30.25404,-104.17524,14.8022,24.1352,6.72023,0.13535,U
0,1937,2,780,2013,13.4,18.3,13.4,27,1970,15,486.78,30.21506,-104.11489,14.7491,24.5705,7.11025,0.13227,S
0,1937,2,780,2013,13.4,7,13.4,27,1970,15,186.2,30.18381,-104.03337,14.6379,24.8364,7.25192,0.12912,S
0,1963,2,260,2013,7.9,6.7,12.2,13,0,11,84.42,33.30548,-100.56428,23.1286,24.4519,9.48477,0.0386,S
0,1960,2,40,2013,6.1,9.1,9.8,10,0,40,92.82,33.5054,-99.35441,28.9552,24.6939,10.4601,0.0533,S
0,1960,2,40,2013,6.1,6.4,0,0,0,40,39.04,33.47363,-99.35462,28.6802,24.7067,10.5131,0.0524,S
0,2012,2,10,2012,5.5,16.5,9.8,10,0,0,171.6,33.53175,-99.44033,28.226,24.7482,10.4474,0.05293,S
0,1932,2,1090,2013,14,14,14,20,1976,25,278.6,33.25564,-100.16042,24.6352,24.9426,10.1299,0.04047,U
0,1960,2,30,2013,6.4,11.3,6.4,10,0,39,115.26,33.44446,-99.38553,28.291,24.7502,10.5516,0.05119,S
0,1961,2,70,2013,6.1,19.2,7.3,8,0,43,151.68,33.29162,-99.47001,27.4798,24.8129,10.5728,0.04652,U
0,1960,2,100,2015,9.1,11.6,0,0,0,25,105.56,31.22103,-97.43281,53.1115,25.3697,12.8015,0.03236,S
0,1952,2,50,2015,7.3,10.4,0,0,0,25,75.92,31.10211,-97.52165,52.7509,25.4737,12.7382,0.03123,S
1,1940,2,50,2013,14.3,6.2,0,0,0,20,88.66,31.0837,-97.50092,53.0342,25.4703,12.7193,0.03126,U
0,1992,2,76,1987,5.5,7,0,0,0,1,38.5,33.57225,-94.0715,89.0296,23.9453,11.0661,0.08612,S
0,1958,2,240,2016,7.9,11.2,0,0,0,15,88.48,33.58325,-96.01307,68.9255,23.3817,11.2969,0.08265,U
0,1965,2,13400,2016,34.4,14.3,34.4,34,0,36,491.92,33.59109,-97.08146,50.8122,23.5838,11.2722,0.0862,S
0,1979,1,1600,2016,6.1,12.1,0,0,0,25,73.81,33.59402,-95.31206,74.5264,23.4282,11.1682,0.07788,S
0,2015,2,4600,2016,13.1,11,13.1,34,0,25,368.5,33.58015,-96.20483,66.5471,23.4503,11.3126,0.0843,S
0,1940,4,16650,2013,25,10.1,0,0,1970,30,252.5,33.5816,-98.44585,35.6494,24.4304,10.7429,0.07172,U
0,1961,4,20370,2013,23.8,20.4,0,0,0,22,485.52,33.57261,-98.36411,35.114,24.337,10.7121,0.07255,U
0,2005,2,160,2010,5.5,10.1,7.2,8,0,0,79.79,33.57171,-98.43322,35.3524,24.4179,10.7487,0.07141,S
0,1928,2,990,2013,11.6,7.6,0,0,1960,10,88.16,33.59016,-100.2729,23.4564,24.7903,9.39474,0.04512,U
0,1936,2,420,2016,11,17.1,9.1,10,0,15,167.58,34.40414,-99.33415,27.174,23.8307,9.80031,0.09421,S
0,1937,2,1300,2016,12.2,9.8,28,28,1988,25,274.4,36.44014,-102.2801,11.1032,21.0716,4.6876,0.06953,U
0,1949,2,1600,2016,7.9,7.9,0,0,0,15,62.41,34.1052,-98.3446,34.4347,24.2038,10.4605,0.11685,U
0,1951,2,1100,2016,8.5,13.7,9.1,10,0,15,134.26,36.30568,-100.31211,14.2457,21.5039,6.00978,0.07138,U
0,1963,2,100,2016,6.7,7.9,0,0,0,15,52.93,36.31012,-100.18255,14.7821,21.4783,6.3111,0.07142,S
0,1963,2,100,2016,6.7,14.9,0,0,0,15,99.83,36.36049,-101.1117,12.2731,21.7454,5.86457,0.07034,U
0,1983,2,50,2016,5.5,9.8,9.1,10,0,15,96.04,34.33542,-99.46491,27.6692,23.9061,9.68171,0.08523,S
0,1918,2,20,2013,4.9,12.2,5.9,7,0,28,84.18,34.0959,-98.55573,31.7653,24.2115,10.4631,0.10674,U
0,1964,8,11940,2013,40.5,9.8,0,0,0,13,396.9,34.05565,-98.32553,34.8315,24.2427,10.5821,0.11118,U
1,1964,2,1100,2010,9.8,7,0,0,0,15,68.6,34.05215,-98.33252,34.7649,24.2543,10.5995,0.11049,S
0,1938,2,520,2013,6.1,10.4,10.3,11,0,29,118.56,34.05216,-98.45451,32.1169,24.2098,10.5529,0.10622,U
0,1956,4,15000,2009,23.2,12.8,0,0,1982,30,296.96,34.07585,-99.09566,30.3588,24.0262,10.2427,0.0834,U
0,1925,2,5740,2013,11.6,8.2,11.9,16,1992,30,132.84,34.03196,-98.58363,30.8595,24.2547,10.5474,0.0992,U
0,1936,2,1030,2013,10.4,29.9,12.1,13,0,14,397.67,34.09031,-99.1523,29.4615,24.112,10.1376,0.08241,U
0,1930,3,2300,2013,16.2,6.7,0,0,2007,24,108.54,34.17434,-99.17457,28.7717,24.1413,10.2117,0.08687,S
0,1931,2,890,2013,7.3,7,7.3,14,1975,26,98.7,34.00157,-99.14064,29.7783,24.1352,10.4266,0.07756,U
0,1952,2,140,2013,5.5,7.9,7.9,8,0,14,65.57,34.075,-99.03149,31.7117,23.945,10.1842,0.08559,U
0,1940,2,20,2015,5.5,16.5,9.1,10,0,1,168.3,34.03476,-99.18189,29.3067,24.1253,10.2819,0.07816,U
0,1971,2,30,2013,6.4,9.4,0,0,0,9,60.16,35.02213,-101.14202,17.1334,22.2834,7.09202,0.09222,U
0,1951,2,310,2013,6.1,11.9,9.5,10,0,10,121.38,36.21405,-103.01441,6.9597,20.6373,4.21932,0.0753,S
0,1955,2,110,2013,6.1,9.4,9.8,10,0,16,95.88,34.46575,-102.48499,15.402,22.1691,5.57558,0.05034,U
0,1942,2,40,2013,8.5,10.7,0,0,0,4,90.95,35.19334,-100.46456,19.7669,22.3106,7.68778,0.09431,U
0,1956,2,280,2013,8.2,13.1,0,0,0,6,107.42,35.24268,-101.02405,16.7791,21.5434,6.71956,0.10224,U
0,1996,2,280,2013,6.4,18.3,7.9,8,0,43,155.55,36.24149,-101.1635,12.8261,22.0976,6.31793,0.07516,S
0,1951,2,610,2013,7.6,7,17.7,18,1997,43,128.1,36.17556,-101.30525,12.2564,22.0154,6.34436,0.07836,S
0,1948,2,520,2013,7.3,11.9,0,0,0,24,86.87,35.41295,-102.11369,13.5105,22.1894,6.6702,0.11221,U
0,1934,2,3550,2010,11,9.8,13.4,14,1957,32,135.24,36.01241,-101.59461,11.2207,21.7792,6.38345,0.08789,U
0,1937,2,3860,2013,13.4,8.2,13.4,18,1977,31,148.42,35.59254,-101.49438,15.4664,21.7677,7.02373,0.1112,U
0,1956,2,200,2013,6.4,7,9.8,10,0,30,71.4,36.1934,-101.0008,12.554,21.9336,6.35201,0.07706,U
0,1937,8,10070,2013,37.8,8.8,0,0,1980,49,332.64,35.16198,-102.37531,14.3056,21.4711,5.17772,0.09592,S
0,1969,4,9920,2013,23.2,7.9,0,0,1980,48,183.28,35.16122,-102.39153,14.3028,21.4651,5.17122,0.09543,S
1,1990,2,640,2010,5.5,10.7,7.2,9,0,0,100.58,35.14369,-101.50115,15.9781,21.5912,6.36664,0.10291,S
0,1964,2,100,2010,10.7,11.6,0,0,0,0,124.12,35.16167,-101.49354,16.0086,21.5799,6.35636,0.10401,U
0,1952,2,450,2013,6.1,12.2,9.1,10,0,11,115.9,34.54425,-101.56591,17.788,22.1969,6.64885,0.06157,S
0,1955,2,2140,2013,9.8,7,0,0,1971,5,68.6,35.03284,-101.56426,16.0339,21.6668,6.32336,0.09491,S
0,1931,2,2720,2013,15.2,10.4,0,0,1962,29,158.08,35.41214,-100.38289,17.9364,22.1788,7.57033,0.09478,U
0,1940,5,3650,2013,25,12.2,0,0,1986,64,305,36.15205,-102.02409,11.5657,21.3486,5.41963,0.08021,S
0,1962,2,390,2013,9.1,17.4,10.8,11,0,31,198.36,34.23036,-102.25566,15.3854,22.2822,5.92527,0.04496,S
0,1929,2,3740,2013,13.4,10.1,15.2,16,1952,16,160.59,34.11228,-101.45442,16.8506,22.536,7.35183,0.04673,U
0,1987,2,1300,2013,12.2,6.4,12.2,16,0,39,104.32,34.31354,-102.36097,15.2025,22.2872,5.7144,0.04651,S
0,1958,2,1150,2013,12.2,7.9,0,0,0,14,96.38,34.22186,-100.59174,21.1768,24.0368,9.17534,0.05733,S
0,1963,2,210,2013,6.1,12.8,11,11,0,6,145.92,34.22033,-100.59232,21.174,24.0373,9.17529,0.05727,S
0,1955,4,11290,2013,24.1,10.1,0,0,1971,26,243.41,34.22375,-100.02299,24.5004,24.24,9.38686,0.06609,U
0,1965,2,60,2013,6.7,9.8,0,0,0,9,65.66,34.24246,-100.24507,21.8442,24.1299,9.26457,0.06291,S
0,2005,5,9820,2013,13.4,9.4,0,0,0,39,125.96,34.50434,-100.12181,21.017,23.8391,9.18476,0.07502,U
0,1975,2,3460,2013,13.4,9.8,0,0,0,39,131.32,34.52166,-100.12165,21.0224,23.8537,9.13608,0.07574,S
0,1929,2,620,2013,12.2,13.1,12.2,14,1959,20,180.78,34.03105,-100.12093,23.7634,24.4067,9.41174,0.05796,U
0,1955,2,1320,2013,7.3,13.7,0,0,0,30,100.01,34.56025,-100.5356,19.0691,23.9164,9.12815,0.07016,U
0,2013,2,500,2010,9.1,14,9.8,10,0,0,145.6,34.56008,-100.533,19.0798,23.9145,9.12589,0.07019,S
0,1955,2,190,2013,6.1,13.7,8.5,9,0,17,121.93,34.03192,-99.38107,28.0921,24.1778,9.99601,0.07263,U
0,1955,2,190,2013,6.1,16.2,8.5,9,0,17,144.18,34.03187,-99.37049,28.1309,24.1713,10.0125,0.0729,U
0,1950,2,530,2013,12.5,7.6,16.8,18,1959,17,133,34.2148,-100.53361,21.1915,24.0623,9.19528,0.05783,U
0,2000,2,10,2010,6.7,10.4,7.2,8,0,0,82.16,34.42206,-100.51423,20.1797,23.8139,9.11125,0.0651,S
0,1958,2,180,2013,7,6.7,13.4,14,0,29,92.46,34.17165,-99.52529,28.0509,24.1299,9.58465,0.07531,U
0,1955,2,180,2013,6.1,11.9,7.5,8,0,24,98.77,34.09378,-99.2921,28.2484,24.155,10.089,0.07815,U
0,1962,2,90,2013,5.5,12.8,7.3,8,0,15,98.56,34.2123,-99.35058,27.9798,24.1017,10.0369,0.08268,S
0,1953,2,600,2013,7.3,11.9,0,0,1971,11,86.87,35.32533,-100.2408,18.3992,22.421,7.87473,0.09443,S
